,regiao,data,estado,populacaoTCU2019,casosAcumulado,obitosAcumulado
0,Brasil,2020-02-26,,210147125.0,1,0
1,Brasil,2020-02-27,,210147125.0,1,0
2,Brasil,2020-02-28,,210147125.0,1,0
3,Brasil,2020-02-29,,210147125.0,2,0
4,Brasil,2020-03-01,,210147125.0,2,0
5,Brasil,2020-03-02,,210147125.0,2,0
6,Brasil,2020-03-03,,210147125.0,2,0
7,Brasil,2020-03-04,,210147125.0,3,0
8,Brasil,2020-03-05,,210147125.0,7,0
9,Brasil,2020-03-06,,210147125.0,13,0
10,Brasil,2020-03-07,,210147125.0,19,0
11,Brasil,2020-03-08,,210147125.0,25,0
12,Brasil,2020-03-09,,210147125.0,25,0
13,Brasil,2020-03-10,,210147125.0,34,0
14,Brasil,2020-03-11,,210147125.0,52,0
15,Brasil,2020-03-12,,210147125.0,77,0
16,Brasil,2020-03-13,,210147125.0,98,0
17,Brasil,2020-03-14,,210147125.0,121,0
18,Brasil,2020-03-15,,210147125.0,200,0
19,Brasil,2020-03-16,,210147125.0,234,0
20,Brasil,2020-03-17,,210147125.0,291,1
21,Brasil,2020-03-18,,210147125.0,428,4
22,Brasil,2020-03-19,,210147125.0,621,6
23,Brasil,2020-03-20,,210147125.0,904,11
24,Brasil,2020-03-21,,210147125.0,1128,18
25,Brasil,2020-03-22,,210147125.0,1546,25
26,Brasil,2020-03-23,,210147125.0,1891,34
27,Brasil,2020-03-24,,210147125.0,2201,46
28,Brasil,2020-03-25,,210147125.0,2433,57
29,Brasil,2020-03-26,,210147125.0,2915,77
30,Brasil,2020-03-27,,210147125.0,3417,92
31,Brasil,2020-03-28,,210147125.0,3903,114
32,Brasil,2020-03-29,,210147125.0,4256,136
33,Brasil,2020-03-30,,210147125.0,4579,159
34,Brasil,2020-03-31,,210147125.0,5717,201
35,Brasil,2020-04-01,,210147125.0,6834,241
36,Brasil,2020-04-02,,210147125.0,7910,299
37,Brasil,2020-04-03,,210147125.0,9056,359
38,Brasil,2020-04-04,,210147125.0,10278,432
39,Brasil,2020-04-05,,210147125.0,11130,486
40,Brasil,2020-04-06,,210147125.0,12056,553
41,Brasil,2020-04-07,,210147125.0,13717,667
42,Brasil,2020-04-08,,210147125.0,15927,800
43,Brasil,2020-04-09,,210147125.0,17857,941
44,Brasil,2020-04-10,,210147125.0,19638,1056
45,Brasil,2020-04-11,,210147125.0,20727,1124
46,Brasil,2020-04-12,,210147125.0,22169,1223
47,Brasil,2020-04-13,,210147125.0,23430,1328
48,Brasil,2020-04-14,,210147125.0,25262,1532
49,Brasil,2020-04-15,,210147125.0,28320,1736
50,Brasil,2020-04-16,,210147125.0,30425,1924
51,Brasil,2020-04-17,,210147125.0,33682,2141
52,Brasil,2020-04-18,,210147125.0,36599,2347
53,Brasil,2020-04-19,,210147125.0,38654,2462
54,Brasil,2020-04-20,,210147125.0,40581,2575
55,Brasil,2020-04-21,,210147125.0,43079,2741
56,Brasil,2020-04-22,,210147125.0,45757,2906
57,Brasil,2020-04-23,,210147125.0,49492,3313
58,Brasil,2020-04-24,,210147125.0,52995,3670
59,Brasil,2020-04-25,,210147125.0,58509,4016
60,Brasil,2020-04-26,,210147125.0,61888,4205
61,Brasil,2020-04-27,,210147125.0,66501,4543
62,Brasil,2020-04-28,,210147125.0,71886,5017
63,Brasil,2020-04-29,,210147125.0,78162,5466
64,Brasil,2020-04-30,,210147125.0,85380,5901
65,Brasil,2020-05-01,,210147125.0,91299,6329
66,Brasil,2020-05-02,,210147125.0,96396,6724
67,Brasil,2020-05-03,,210147125.0,101147,7025
68,Brasil,2020-05-04,,210147125.0,107780,7321
69,Brasil,2020-05-05,,210147125.0,114715,7921
70,Brasil,2020-05-06,,210147125.0,125218,8535
71,Brasil,2020-05-07,,210147125.0,135106,9146
72,Brasil,2020-05-08,,210147125.0,145328,9897
73,Brasil,2020-05-09,,210147125.0,155939,10627
74,Brasil,2020-05-10,,210147125.0,162699,11123
75,Brasil,2020-05-11,,210147125.0,168331,11519
76,Brasil,2020-05-12,,210147125.0,177589,12400
77,Brasil,2020-05-13,,210147125.0,188974,13149
78,Brasil,2020-05-14,,210147125.0,202918,13993
79,Brasil,2020-05-15,,210147125.0,218223,14817
80,Brasil,2020-05-16,,210147125.0,233142,15633
81,Brasil,2020-05-17,,210147125.0,241080,16118
82,Brasil,2020-05-18,,210147125.0,254220,16792
83,Brasil,2020-05-19,,210147125.0,271628,17971
84,Brasil,2020-05-20,,210147125.0,291579,18859
85,Brasil,2020-05-21,,210147125.0,310087,20047
86,Brasil,2020-05-22,,210147125.0,330890,21048
87,Brasil,2020-05-23,,210147125.0,347398,22013
88,Brasil,2020-05-24,,210147125.0,363211,22666
89,Norte,2020-03-20,RO,1777225.0,1,0
90,Norte,2020-03-21,RO,1777225.0,1,0
91,Norte,2020-03-22,RO,1777225.0,3,0
92,Norte,2020-03-23,RO,1777225.0,3,0
93,Norte,2020-03-24,RO,1777225.0,3,0
94,Norte,2020-03-25,RO,1777225.0,5,0
95,Norte,2020-03-26,RO,1777225.0,5,0
96,Norte,2020-03-27,RO,1777225.0,6,0
97,Norte,2020-03-28,RO,1777225.0,6,0
98,Norte,2020-03-29,RO,1777225.0,6,0
99,Norte,2020-03-30,RO,1777225.0,6,0
100,Norte,2020-03-31,RO,1777225.0,8,1
101,Norte,2020-04-01,RO,1777225.0,9,1
102,Norte,2020-04-02,RO,1777225.0,10,1
103,Norte,2020-04-03,RO,1777225.0,10,1
104,Norte,2020-04-04,RO,1777225.0,11,1
105,Norte,2020-04-05,RO,1777225.0,12,1
106,Norte,2020-04-06,RO,1777225.0,14,1
107,Norte,2020-04-07,RO,1777225.0,18,1
108,Norte,2020-04-08,RO,1777225.0,18,1
109,Norte,2020-04-09,RO,1777225.0,28,2
110,Norte,2020-04-10,RO,1777225.0,32,2
111,Norte,2020-04-11,RO,1777225.0,33,2
112,Norte,2020-04-12,RO,1777225.0,35,2
113,Norte,2020-04-13,RO,1777225.0,42,2
114,Norte,2020-04-14,RO,1777225.0,64,2
115,Norte,2020-04-15,RO,1777225.0,69,2
116,Norte,2020-04-16,RO,1777225.0,76,3
117,Norte,2020-04-17,RO,1777225.0,92,3
118,Norte,2020-04-18,RO,1777225.0,110,3
119,Norte,2020-04-19,RO,1777225.0,128,4
120,Norte,2020-04-20,RO,1777225.0,160,4
121,Norte,2020-04-21,RO,1777225.0,199,4
122,Norte,2020-04-22,RO,1777225.0,223,5
123,Norte,2020-04-23,RO,1777225.0,250,5
124,Norte,2020-04-24,RO,1777225.0,290,5
125,Norte,2020-04-25,RO,1777225.0,328,7
126,Norte,2020-04-26,RO,1777225.0,364,10
127,Norte,2020-04-27,RO,1777225.0,393,10
128,Norte,2020-04-28,RO,1777225.0,413,11
129,Norte,2020-04-29,RO,1777225.0,433,15
130,Norte,2020-04-30,RO,1777225.0,502,16
131,Norte,2020-05-01,RO,1777225.0,585,18
132,Norte,2020-05-02,RO,1777225.0,653,23
133,Norte,2020-05-03,RO,1777225.0,705,24
134,Norte,2020-05-04,RO,1777225.0,756,25
135,Norte,2020-05-05,RO,1777225.0,861,29
136,Norte,2020-05-06,RO,1777225.0,943,33
137,Norte,2020-05-07,RO,1777225.0,1098,37
138,Norte,2020-05-08,RO,1777225.0,1222,39
139,Norte,2020-05-09,RO,1777225.0,1263,41
140,Norte,2020-05-10,RO,1777225.0,1302,43
141,Norte,2020-05-11,RO,1777225.0,1396,47
142,Norte,2020-05-12,RO,1777225.0,1460,50
143,Norte,2020-05-13,RO,1777225.0,1612,50
144,Norte,2020-05-14,RO,1777225.0,1686,56
145,Norte,2020-05-15,RO,1777225.0,1789,62
146,Norte,2020-05-16,RO,1777225.0,1919,69
147,Norte,2020-05-17,RO,1777225.0,1963,74
148,Norte,2020-05-18,RO,1777225.0,2043,77
149,Norte,2020-05-19,RO,1777225.0,2257,87
150,Norte,2020-05-20,RO,1777225.0,2499,90
151,Norte,2020-05-21,RO,1777225.0,2659,101
152,Norte,2020-05-22,RO,1777225.0,2774,106
153,Norte,2020-05-23,RO,1777225.0,3109,115
154,Norte,2020-05-24,RO,1777225.0,3201,121
155,Norte,2020-03-19,AC,881935.0,3,0
156,Norte,2020-03-20,AC,881935.0,7,0
157,Norte,2020-03-21,AC,881935.0,9,0
158,Norte,2020-03-22,AC,881935.0,11,0
159,Norte,2020-03-23,AC,881935.0,11,0
160,Norte,2020-03-24,AC,881935.0,17,0
161,Norte,2020-03-25,AC,881935.0,23,0
162,Norte,2020-03-26,AC,881935.0,24,0
163,Norte,2020-03-27,AC,881935.0,25,0
164,Norte,2020-03-28,AC,881935.0,25,0
165,Norte,2020-03-29,AC,881935.0,34,0
166,Norte,2020-03-30,AC,881935.0,42,0
167,Norte,2020-03-31,AC,881935.0,42,0
168,Norte,2020-04-01,AC,881935.0,43,0
169,Norte,2020-04-02,AC,881935.0,43,0
170,Norte,2020-04-03,AC,881935.0,46,0
171,Norte,2020-04-04,AC,881935.0,46,0
172,Norte,2020-04-05,AC,881935.0,48,0
173,Norte,2020-04-06,AC,881935.0,50,0
174,Norte,2020-04-07,AC,881935.0,50,1
175,Norte,2020-04-08,AC,881935.0,54,2
176,Norte,2020-04-09,AC,881935.0,62,2
177,Norte,2020-04-10,AC,881935.0,70,2
178,Norte,2020-04-11,AC,881935.0,72,2
179,Norte,2020-04-12,AC,881935.0,77,2
180,Norte,2020-04-13,AC,881935.0,90,3
181,Norte,2020-04-14,AC,881935.0,99,3
182,Norte,2020-04-15,AC,881935.0,101,3
183,Norte,2020-04-16,AC,881935.0,110,5
184,Norte,2020-04-17,AC,881935.0,135,5
185,Norte,2020-04-18,AC,881935.0,142,5
186,Norte,2020-04-19,AC,881935.0,163,6
187,Norte,2020-04-20,AC,881935.0,176,8
188,Norte,2020-04-21,AC,881935.0,195,8
189,Norte,2020-04-22,AC,881935.0,214,8
190,Norte,2020-04-23,AC,881935.0,227,10
191,Norte,2020-04-24,AC,881935.0,234,11
192,Norte,2020-04-25,AC,881935.0,258,11
193,Norte,2020-04-26,AC,881935.0,279,11
194,Norte,2020-04-27,AC,881935.0,279,14
195,Norte,2020-04-28,AC,881935.0,311,16
196,Norte,2020-04-29,AC,881935.0,354,17
197,Norte,2020-04-30,AC,881935.0,404,19
198,Norte,2020-05-01,AC,881935.0,486,19
199,Norte,2020-05-02,AC,881935.0,553,21
200,Norte,2020-05-03,AC,881935.0,657,24
201,Norte,2020-05-04,AC,881935.0,733,28
202,Norte,2020-05-05,AC,881935.0,817,29
203,Norte,2020-05-06,AC,881935.0,943,33
204,Norte,2020-05-07,AC,881935.0,1014,36
205,Norte,2020-05-08,AC,881935.0,1177,38
206,Norte,2020-05-09,AC,881935.0,1335,39
207,Norte,2020-05-10,AC,881935.0,1447,41
208,Norte,2020-05-11,AC,881935.0,1460,45
209,Norte,2020-05-12,AC,881935.0,1590,51
210,Norte,2020-05-13,AC,881935.0,1694,52
211,Norte,2020-05-14,AC,881935.0,1740,55
212,Norte,2020-05-15,AC,881935.0,1785,57
213,Norte,2020-05-16,AC,881935.0,1867,59
214,Norte,2020-05-17,AC,881935.0,1997,60
215,Norte,2020-05-18,AC,881935.0,2234,67
216,Norte,2020-05-19,AC,881935.0,2482,72
217,Norte,2020-05-20,AC,881935.0,2817,76
218,Norte,2020-05-21,AC,881935.0,3103,78
219,Norte,2020-05-22,AC,881935.0,3343,80
220,Norte,2020-05-23,AC,881935.0,3867,87
221,Norte,2020-05-24,AC,881935.0,4160,92
222,Norte,2020-03-15,AM,4144597.0,1,0
223,Norte,2020-03-16,AM,4144597.0,1,0
224,Norte,2020-03-17,AM,4144597.0,1,0
225,Norte,2020-03-18,AM,4144597.0,1,0
226,Norte,2020-03-19,AM,4144597.0,3,0
227,Norte,2020-03-20,AM,4144597.0,3,0
228,Norte,2020-03-21,AM,4144597.0,11,0
229,Norte,2020-03-22,AM,4144597.0,26,0
230,Norte,2020-03-23,AM,4144597.0,32,0
231,Norte,2020-03-24,AM,4144597.0,47,0
232,Norte,2020-03-25,AM,4144597.0,54,1
233,Norte,2020-03-26,AM,4144597.0,67,1
234,Norte,2020-03-27,AM,4144597.0,81,1
235,Norte,2020-03-28,AM,4144597.0,111,1
236,Norte,2020-03-29,AM,4144597.0,140,1
237,Norte,2020-03-30,AM,4144597.0,151,1
238,Norte,2020-03-31,AM,4144597.0,175,3
239,Norte,2020-04-01,AM,4144597.0,200,3
240,Norte,2020-04-02,AM,4144597.0,229,3
241,Norte,2020-04-03,AM,4144597.0,260,7
242,Norte,2020-04-04,AM,4144597.0,311,12
243,Norte,2020-04-05,AM,4144597.0,417,14
244,Norte,2020-04-06,AM,4144597.0,532,19
245,Norte,2020-04-07,AM,4144597.0,636,23
246,Norte,2020-04-08,AM,4144597.0,804,30
247,Norte,2020-04-09,AM,4144597.0,899,40
248,Norte,2020-04-10,AM,4144597.0,981,50
249,Norte,2020-04-11,AM,4144597.0,1050,53
250,Norte,2020-04-12,AM,4144597.0,1206,62
251,Norte,2020-04-13,AM,4144597.0,1275,71
252,Norte,2020-04-14,AM,4144597.0,1484,90
253,Norte,2020-04-15,AM,4144597.0,1554,106
254,Norte,2020-04-16,AM,4144597.0,1719,124
255,Norte,2020-04-17,AM,4144597.0,1809,145
256,Norte,2020-04-18,AM,4144597.0,1897,161
257,Norte,2020-04-19,AM,4144597.0,2044,182
258,Norte,2020-04-20,AM,4144597.0,2160,185
259,Norte,2020-04-21,AM,4144597.0,2270,193
260,Norte,2020-04-22,AM,4144597.0,2479,207
261,Norte,2020-04-23,AM,4144597.0,2888,234
262,Norte,2020-04-24,AM,4144597.0,3194,255
263,Norte,2020-04-25,AM,4144597.0,3635,287
264,Norte,2020-04-26,AM,4144597.0,3833,304
265,Norte,2020-04-27,AM,4144597.0,3928,320
266,Norte,2020-04-28,AM,4144597.0,4337,351
267,Norte,2020-04-29,AM,4144597.0,4801,380
268,Norte,2020-04-30,AM,4144597.0,5254,425
269,Norte,2020-05-01,AM,4144597.0,5723,476
270,Norte,2020-05-02,AM,4144597.0,6062,501
271,Norte,2020-05-03,AM,4144597.0,6683,548
272,Norte,2020-05-04,AM,4144597.0,7242,584
273,Norte,2020-05-05,AM,4144597.0,8109,649
274,Norte,2020-05-06,AM,4144597.0,9243,751
275,Norte,2020-05-07,AM,4144597.0,10099,806
276,Norte,2020-05-08,AM,4144597.0,10727,874
277,Norte,2020-05-09,AM,4144597.0,11925,962
278,Norte,2020-05-10,AM,4144597.0,12599,1004
279,Norte,2020-05-11,AM,4144597.0,12919,1035
280,Norte,2020-05-12,AM,4144597.0,14168,1098
281,Norte,2020-05-13,AM,4144597.0,15816,1160
282,Norte,2020-05-14,AM,4144597.0,17181,1235
283,Norte,2020-05-15,AM,4144597.0,18392,1331
284,Norte,2020-05-16,AM,4144597.0,19677,1375
285,Norte,2020-05-17,AM,4144597.0,20328,1413
286,Norte,2020-05-18,AM,4144597.0,20913,1433
287,Norte,2020-05-19,AM,4144597.0,22132,1491
288,Norte,2020-05-20,AM,4144597.0,23704,1561
289,Norte,2020-05-21,AM,4144597.0,25367,1620
290,Norte,2020-05-22,AM,4144597.0,27038,1669
291,Norte,2020-05-23,AM,4144597.0,28802,1744
292,Norte,2020-05-24,AM,4144597.0,29867,1758
293,Norte,2020-03-22,RR,605761.0,2,0
294,Norte,2020-03-23,RR,605761.0,2,0
295,Norte,2020-03-24,RR,605761.0,2,0
296,Norte,2020-03-25,RR,605761.0,8,0
297,Norte,2020-03-26,RR,605761.0,8,0
298,Norte,2020-03-27,RR,605761.0,10,0
299,Norte,2020-03-28,RR,605761.0,12,0
300,Norte,2020-03-29,RR,605761.0,16,0
301,Norte,2020-03-30,RR,605761.0,16,0
302,Norte,2020-03-31,RR,605761.0,16,0
303,Norte,2020-04-01,RR,605761.0,22,0
304,Norte,2020-04-02,RR,605761.0,26,0
305,Norte,2020-04-03,RR,605761.0,30,0
306,Norte,2020-04-04,RR,605761.0,37,1
307,Norte,2020-04-05,RR,605761.0,42,1
308,Norte,2020-04-06,RR,605761.0,42,1
309,Norte,2020-04-07,RR,605761.0,42,1
310,Norte,2020-04-08,RR,605761.0,49,1
311,Norte,2020-04-09,RR,605761.0,52,1
312,Norte,2020-04-10,RR,605761.0,63,3
313,Norte,2020-04-11,RR,605761.0,75,3
314,Norte,2020-04-12,RR,605761.0,79,3
315,Norte,2020-04-13,RR,605761.0,83,3
316,Norte,2020-04-14,RR,605761.0,113,3
317,Norte,2020-04-15,RR,605761.0,114,3
318,Norte,2020-04-16,RR,605761.0,142,3
319,Norte,2020-04-17,RR,605761.0,164,3
320,Norte,2020-04-18,RR,605761.0,201,3
321,Norte,2020-04-19,RR,605761.0,222,3
322,Norte,2020-04-20,RR,605761.0,244,3
323,Norte,2020-04-21,RR,605761.0,247,3
324,Norte,2020-04-22,RR,605761.0,280,3
325,Norte,2020-04-23,RR,605761.0,297,3
326,Norte,2020-04-24,RR,605761.0,304,3
327,Norte,2020-04-25,RR,605761.0,345,3
328,Norte,2020-04-26,RR,605761.0,401,4
329,Norte,2020-04-27,RR,605761.0,407,4
330,Norte,2020-04-28,RR,605761.0,425,6
331,Norte,2020-04-29,RR,605761.0,452,6
332,Norte,2020-04-30,RR,605761.0,519,7
333,Norte,2020-05-01,RR,605761.0,602,8
334,Norte,2020-05-02,RR,605761.0,668,9
335,Norte,2020-05-03,RR,605761.0,740,11
336,Norte,2020-05-04,RR,605761.0,806,11
337,Norte,2020-05-05,RR,605761.0,869,11
338,Norte,2020-05-06,RR,605761.0,932,13
339,Norte,2020-05-07,RR,605761.0,1020,14
340,Norte,2020-05-08,RR,605761.0,1124,16
341,Norte,2020-05-09,RR,605761.0,1202,18
342,Norte,2020-05-10,RR,605761.0,1290,21
343,Norte,2020-05-11,RR,605761.0,1295,24
344,Norte,2020-05-12,RR,605761.0,1328,27
345,Norte,2020-05-13,RR,605761.0,1411,29
346,Norte,2020-05-14,RR,605761.0,1500,37
347,Norte,2020-05-15,RR,605761.0,1589,40
348,Norte,2020-05-16,RR,605761.0,1706,49
349,Norte,2020-05-17,RR,605761.0,1791,51
350,Norte,2020-05-18,RR,605761.0,1876,60
351,Norte,2020-05-19,RR,605761.0,1985,61
352,Norte,2020-05-20,RR,605761.0,2067,64
353,Norte,2020-05-21,RR,605761.0,2146,72
354,Norte,2020-05-22,RR,605761.0,2306,83
355,Norte,2020-05-23,RR,605761.0,2374,81
356,Norte,2020-05-24,RR,605761.0,2439,84
357,Norte,2020-03-19,PA,8602865.0,1,0
358,Norte,2020-03-20,PA,8602865.0,2,0
359,Norte,2020-03-21,PA,8602865.0,2,0
360,Norte,2020-03-22,PA,8602865.0,4,0
361,Norte,2020-03-23,PA,8602865.0,5,0
362,Norte,2020-03-24,PA,8602865.0,5,0
363,Norte,2020-03-25,PA,8602865.0,7,0
364,Norte,2020-03-26,PA,8602865.0,13,0
365,Norte,2020-03-27,PA,8602865.0,13,0
366,Norte,2020-03-28,PA,8602865.0,17,0
367,Norte,2020-03-29,PA,8602865.0,18,0
368,Norte,2020-03-30,PA,8602865.0,21,0
369,Norte,2020-03-31,PA,8602865.0,32,0
370,Norte,2020-04-01,PA,8602865.0,40,1
371,Norte,2020-04-02,PA,8602865.0,46,1
372,Norte,2020-04-03,PA,8602865.0,50,1
373,Norte,2020-04-04,PA,8602865.0,80,1
374,Norte,2020-04-05,PA,8602865.0,86,1
375,Norte,2020-04-06,PA,8602865.0,102,3
376,Norte,2020-04-07,PA,8602865.0,138,5
377,Norte,2020-04-08,PA,8602865.0,167,6
378,Norte,2020-04-09,PA,8602865.0,168,7
379,Norte,2020-04-10,PA,8602865.0,170,9
380,Norte,2020-04-11,PA,8602865.0,217,10
381,Norte,2020-04-12,PA,8602865.0,246,13
382,Norte,2020-04-13,PA,8602865.0,270,15
383,Norte,2020-04-14,PA,8602865.0,323,19
384,Norte,2020-04-15,PA,8602865.0,384,21
385,Norte,2020-04-16,PA,8602865.0,438,24
386,Norte,2020-04-17,PA,8602865.0,557,26
387,Norte,2020-04-18,PA,8602865.0,640,33
388,Norte,2020-04-19,PA,8602865.0,685,34
389,Norte,2020-04-20,PA,8602865.0,902,35
390,Norte,2020-04-21,PA,8602865.0,1026,38
391,Norte,2020-04-22,PA,8602865.0,1195,43
392,Norte,2020-04-23,PA,8602865.0,1267,53
393,Norte,2020-04-24,PA,8602865.0,1446,75
394,Norte,2020-04-25,PA,8602865.0,1579,86
395,Norte,2020-04-26,PA,8602865.0,1867,100
396,Norte,2020-04-27,PA,8602865.0,2128,114
397,Norte,2020-04-28,PA,8602865.0,2262,129
398,Norte,2020-04-29,PA,8602865.0,2422,137
399,Norte,2020-04-30,PA,8602865.0,2876,208
400,Norte,2020-05-01,PA,8602865.0,3176,235
401,Norte,2020-05-02,PA,8602865.0,3460,273
402,Norte,2020-05-03,PA,8602865.0,3863,309
403,Norte,2020-05-04,PA,8602865.0,4125,330
404,Norte,2020-05-05,PA,8602865.0,4472,369
405,Norte,2020-05-06,PA,8602865.0,5017,392
406,Norte,2020-05-07,PA,8602865.0,5524,410
407,Norte,2020-05-08,PA,8602865.0,6141,515
408,Norte,2020-05-09,PA,8602865.0,6775,578
409,Norte,2020-05-10,PA,8602865.0,7256,652
410,Norte,2020-05-11,PA,8602865.0,7563,708
411,Norte,2020-05-12,PA,8602865.0,8616,864
412,Norte,2020-05-13,PA,8602865.0,9618,946
413,Norte,2020-05-14,PA,8602865.0,10867,1063
414,Norte,2020-05-15,PA,8602865.0,12109,1145
415,Norte,2020-05-16,PA,8602865.0,13184,1199
416,Norte,2020-05-17,PA,8602865.0,13864,1239
417,Norte,2020-05-18,PA,8602865.0,14734,1329
418,Norte,2020-05-19,PA,8602865.0,16295,1519
419,Norte,2020-05-20,PA,8602865.0,18135,1633
420,Norte,2020-05-21,PA,8602865.0,19756,1852
421,Norte,2020-05-22,PA,8602865.0,21469,1937
422,Norte,2020-05-23,PA,8602865.0,22697,2001
423,Norte,2020-05-24,PA,8602865.0,24125,2148
424,Norte,2020-03-20,AP,845731.0,1,0
425,Norte,2020-03-21,AP,845731.0,1,0
426,Norte,2020-03-22,AP,845731.0,1,0
427,Norte,2020-03-23,AP,845731.0,1,0
428,Norte,2020-03-24,AP,845731.0,1,0
429,Norte,2020-03-25,AP,845731.0,1,0
430,Norte,2020-03-26,AP,845731.0,2,0
431,Norte,2020-03-27,AP,845731.0,2,0
432,Norte,2020-03-28,AP,845731.0,4,0
433,Norte,2020-03-29,AP,845731.0,4,0
434,Norte,2020-03-30,AP,845731.0,8,0
435,Norte,2020-03-31,AP,845731.0,10,0
436,Norte,2020-04-01,AP,845731.0,11,0
437,Norte,2020-04-02,AP,845731.0,11,0
438,Norte,2020-04-03,AP,845731.0,19,0
439,Norte,2020-04-04,AP,845731.0,28,1
440,Norte,2020-04-05,AP,845731.0,29,2
441,Norte,2020-04-06,AP,845731.0,34,2
442,Norte,2020-04-07,AP,845731.0,48,2
443,Norte,2020-04-08,AP,845731.0,107,2
444,Norte,2020-04-09,AP,845731.0,128,2
445,Norte,2020-04-10,AP,845731.0,166,2
446,Norte,2020-04-11,AP,845731.0,193,3
447,Norte,2020-04-12,AP,845731.0,230,5
448,Norte,2020-04-13,AP,845731.0,242,5
449,Norte,2020-04-14,AP,845731.0,307,6
450,Norte,2020-04-15,AP,845731.0,334,7
451,Norte,2020-04-16,AP,845731.0,362,9
452,Norte,2020-04-17,AP,845731.0,370,10
453,Norte,2020-04-18,AP,845731.0,393,10
454,Norte,2020-04-19,AP,845731.0,416,11
455,Norte,2020-04-20,AP,845731.0,433,13
456,Norte,2020-04-21,AP,845731.0,457,13
457,Norte,2020-04-22,AP,845731.0,479,14
458,Norte,2020-04-23,AP,845731.0,548,16
459,Norte,2020-04-24,AP,845731.0,633,18
460,Norte,2020-04-25,AP,845731.0,685,19
461,Norte,2020-04-26,AP,845731.0,798,21
462,Norte,2020-04-27,AP,845731.0,842,26
463,Norte,2020-04-28,AP,845731.0,918,28
464,Norte,2020-04-29,AP,845731.0,1016,31
465,Norte,2020-04-30,AP,845731.0,1080,34
466,Norte,2020-05-01,AP,845731.0,1121,37
467,Norte,2020-05-02,AP,845731.0,1187,40
468,Norte,2020-05-03,AP,845731.0,1482,43
469,Norte,2020-05-04,AP,845731.0,1733,49
470,Norte,2020-05-05,AP,845731.0,1931,55
471,Norte,2020-05-06,AP,845731.0,2046,56
472,Norte,2020-05-07,AP,845731.0,2199,61
473,Norte,2020-05-08,AP,845731.0,2322,66
474,Norte,2020-05-09,AP,845731.0,2493,69
475,Norte,2020-05-10,AP,845731.0,2613,72
476,Norte,2020-05-11,AP,845731.0,2671,73
477,Norte,2020-05-12,AP,845731.0,2910,86
478,Norte,2020-05-13,AP,845731.0,3005,94
479,Norte,2020-05-14,AP,845731.0,3428,101
480,Norte,2020-05-15,AP,845731.0,3630,103
481,Norte,2020-05-16,AP,845731.0,3834,108
482,Norte,2020-05-17,AP,845731.0,3952,119
483,Norte,2020-05-18,AP,845731.0,4023,127
484,Norte,2020-05-19,AP,845731.0,4310,136
485,Norte,2020-05-20,AP,845731.0,4549,142
486,Norte,2020-05-21,AP,845731.0,5188,151
487,Norte,2020-05-22,AP,845731.0,5655,157
488,Norte,2020-05-23,AP,845731.0,6091,162
489,Norte,2020-05-24,AP,845731.0,6353,163
490,Norte,2020-03-19,TO,1572866.0,1,0
491,Norte,2020-03-20,TO,1572866.0,1,0
492,Norte,2020-03-21,TO,1572866.0,2,0
493,Norte,2020-03-22,TO,1572866.0,2,0
494,Norte,2020-03-23,TO,1572866.0,5,0
495,Norte,2020-03-24,TO,1572866.0,7,0
496,Norte,2020-03-25,TO,1572866.0,7,0
497,Norte,2020-03-26,TO,1572866.0,7,0
498,Norte,2020-03-27,TO,1572866.0,8,0
499,Norte,2020-03-28,TO,1572866.0,9,0
500,Norte,2020-03-29,TO,1572866.0,9,0
501,Norte,2020-03-30,TO,1572866.0,10,0
502,Norte,2020-03-31,TO,1572866.0,11,0
503,Norte,2020-04-01,TO,1572866.0,12,0
504,Norte,2020-04-02,TO,1572866.0,12,0
505,Norte,2020-04-03,TO,1572866.0,12,0
506,Norte,2020-04-04,TO,1572866.0,14,0
507,Norte,2020-04-05,TO,1572866.0,17,0
508,Norte,2020-04-06,TO,1572866.0,17,0
509,Norte,2020-04-07,TO,1572866.0,19,0
510,Norte,2020-04-08,TO,1572866.0,23,0
511,Norte,2020-04-09,TO,1572866.0,23,0
512,Norte,2020-04-10,TO,1572866.0,23,0
513,Norte,2020-04-11,TO,1572866.0,23,0
514,Norte,2020-04-12,TO,1572866.0,25,0
515,Norte,2020-04-13,TO,1572866.0,26,0
516,Norte,2020-04-14,TO,1572866.0,26,0
517,Norte,2020-04-15,TO,1572866.0,26,1
518,Norte,2020-04-16,TO,1572866.0,29,1
519,Norte,2020-04-17,TO,1572866.0,31,1
520,Norte,2020-04-18,TO,1572866.0,33,1
521,Norte,2020-04-19,TO,1572866.0,33,1
522,Norte,2020-04-20,TO,1572866.0,34,1
523,Norte,2020-04-21,TO,1572866.0,37,1
524,Norte,2020-04-22,TO,1572866.0,37,1
525,Norte,2020-04-23,TO,1572866.0,37,2
526,Norte,2020-04-24,TO,1572866.0,43,2
527,Norte,2020-04-25,TO,1572866.0,50,2
528,Norte,2020-04-26,TO,1572866.0,58,2
529,Norte,2020-04-27,TO,1572866.0,67,2
530,Norte,2020-04-28,TO,1572866.0,79,2
531,Norte,2020-04-29,TO,1572866.0,116,3
532,Norte,2020-04-30,TO,1572866.0,137,3
533,Norte,2020-05-01,TO,1572866.0,164,3
534,Norte,2020-05-02,TO,1572866.0,191,4
535,Norte,2020-05-03,TO,1572866.0,246,4
536,Norte,2020-05-04,TO,1572866.0,267,6
537,Norte,2020-05-05,TO,1572866.0,303,7
538,Norte,2020-05-06,TO,1572866.0,351,9
539,Norte,2020-05-07,TO,1572866.0,423,9
540,Norte,2020-05-08,TO,1572866.0,494,9
541,Norte,2020-05-09,TO,1572866.0,572,9
542,Norte,2020-05-10,TO,1572866.0,688,11
543,Norte,2020-05-11,TO,1572866.0,747,12
544,Norte,2020-05-12,TO,1572866.0,828,14
545,Norte,2020-05-13,TO,1572866.0,932,21
546,Norte,2020-05-14,TO,1572866.0,1029,23
547,Norte,2020-05-15,TO,1572866.0,1179,24
548,Norte,2020-05-16,TO,1572866.0,1279,27
549,Norte,2020-05-17,TO,1572866.0,1382,31
550,Norte,2020-05-18,TO,1572866.0,1496,32
551,Norte,2020-05-19,TO,1572866.0,1646,38
552,Norte,2020-05-20,TO,1572866.0,1809,42
553,Norte,2020-05-21,TO,1572866.0,1976,47
554,Norte,2020-05-22,TO,1572866.0,2205,49
555,Norte,2020-05-23,TO,1572866.0,2430,51
556,Norte,2020-05-24,TO,1572866.0,2591,52
557,Nordeste,2020-03-21,MA,7075181.0,1,0
558,Nordeste,2020-03-22,MA,7075181.0,2,0
559,Nordeste,2020-03-23,MA,7075181.0,2,0
560,Nordeste,2020-03-24,MA,7075181.0,8,0
561,Nordeste,2020-03-25,MA,7075181.0,8,0
562,Nordeste,2020-03-26,MA,7075181.0,10,0
563,Nordeste,2020-03-27,MA,7075181.0,13,0
564,Nordeste,2020-03-28,MA,7075181.0,14,0
565,Nordeste,2020-03-29,MA,7075181.0,16,0
566,Nordeste,2020-03-30,MA,7075181.0,23,1
567,Nordeste,2020-03-31,MA,7075181.0,31,1
568,Nordeste,2020-04-01,MA,7075181.0,52,1
569,Nordeste,2020-04-02,MA,7075181.0,71,1
570,Nordeste,2020-04-03,MA,7075181.0,81,1
571,Nordeste,2020-04-04,MA,7075181.0,88,1
572,Nordeste,2020-04-05,MA,7075181.0,96,2
573,Nordeste,2020-04-06,MA,7075181.0,133,2
574,Nordeste,2020-04-07,MA,7075181.0,172,4
575,Nordeste,2020-04-08,MA,7075181.0,230,11
576,Nordeste,2020-04-09,MA,7075181.0,273,12
577,Nordeste,2020-04-10,MA,7075181.0,293,16
578,Nordeste,2020-04-11,MA,7075181.0,344,21
579,Nordeste,2020-04-12,MA,7075181.0,398,24
580,Nordeste,2020-04-13,MA,7075181.0,445,27
581,Nordeste,2020-04-14,MA,7075181.0,478,32
582,Nordeste,2020-04-15,MA,7075181.0,630,34
583,Nordeste,2020-04-16,MA,7075181.0,695,37
584,Nordeste,2020-04-17,MA,7075181.0,797,40
585,Nordeste,2020-04-18,MA,7075181.0,1040,44
586,Nordeste,2020-04-19,MA,7075181.0,1205,48
587,Nordeste,2020-04-20,MA,7075181.0,1320,54
588,Nordeste,2020-04-21,MA,7075181.0,1396,60
589,Nordeste,2020-04-22,MA,7075181.0,1604,66
590,Nordeste,2020-04-23,MA,7075181.0,1757,76
591,Nordeste,2020-04-24,MA,7075181.0,1951,88
592,Nordeste,2020-04-25,MA,7075181.0,2105,100
593,Nordeste,2020-04-26,MA,7075181.0,2223,112
594,Nordeste,2020-04-27,MA,7075181.0,2410,125
595,Nordeste,2020-04-28,MA,7075181.0,2528,145
596,Nordeste,2020-04-29,MA,7075181.0,2804,166
597,Nordeste,2020-04-30,MA,7075181.0,3190,184
598,Nordeste,2020-05-01,MA,7075181.0,3506,204
599,Nordeste,2020-05-02,MA,7075181.0,3805,224
600,Nordeste,2020-05-03,MA,7075181.0,4040,237
601,Nordeste,2020-05-04,MA,7075181.0,4227,249
602,Nordeste,2020-05-05,MA,7075181.0,4530,271
603,Nordeste,2020-05-06,MA,7075181.0,5028,291
604,Nordeste,2020-05-07,MA,7075181.0,5389,305
605,Nordeste,2020-05-08,MA,7075181.0,5909,330
606,Nordeste,2020-05-09,MA,7075181.0,6765,355
607,Nordeste,2020-05-10,MA,7075181.0,7599,379
608,Nordeste,2020-05-11,MA,7075181.0,8144,399
609,Nordeste,2020-05-12,MA,7075181.0,8526,423
610,Nordeste,2020-05-13,MA,7075181.0,9112,444
611,Nordeste,2020-05-14,MA,7075181.0,9801,470
612,Nordeste,2020-05-15,MA,7075181.0,10739,496
613,Nordeste,2020-05-16,MA,7075181.0,11592,524
614,Nordeste,2020-05-17,MA,7075181.0,12492,549
615,Nordeste,2020-05-18,MA,7075181.0,13238,576
616,Nordeste,2020-05-19,MA,7075181.0,14198,604
617,Nordeste,2020-05-20,MA,7075181.0,15114,634
618,Nordeste,2020-05-21,MA,7075181.0,16058,663
619,Nordeste,2020-05-22,MA,7075181.0,17212,693
620,Nordeste,2020-05-23,MA,7075181.0,18767,722
621,Nordeste,2020-05-24,MA,7075181.0,21191,754
622,Nordeste,2020-03-20,PI,3273227.0,3,0
623,Nordeste,2020-03-21,PI,3273227.0,4,0
624,Nordeste,2020-03-22,PI,3273227.0,4,0
625,Nordeste,2020-03-23,PI,3273227.0,6,0
626,Nordeste,2020-03-24,PI,3273227.0,6,0
627,Nordeste,2020-03-25,PI,3273227.0,8,0
628,Nordeste,2020-03-26,PI,3273227.0,9,0
629,Nordeste,2020-03-27,PI,3273227.0,9,0
630,Nordeste,2020-03-28,PI,3273227.0,11,1
631,Nordeste,2020-03-29,PI,3273227.0,14,1
632,Nordeste,2020-03-30,PI,3273227.0,16,3
633,Nordeste,2020-03-31,PI,3273227.0,18,4
634,Nordeste,2020-04-01,PI,3273227.0,18,4
635,Nordeste,2020-04-02,PI,3273227.0,19,4
636,Nordeste,2020-04-03,PI,3273227.0,21,4
637,Nordeste,2020-04-04,PI,3273227.0,22,4
638,Nordeste,2020-04-05,PI,3273227.0,23,4
639,Nordeste,2020-04-06,PI,3273227.0,23,4
640,Nordeste,2020-04-07,PI,3273227.0,28,4
641,Nordeste,2020-04-08,PI,3273227.0,31,5
642,Nordeste,2020-04-09,PI,3273227.0,38,6
643,Nordeste,2020-04-10,PI,3273227.0,40,7
644,Nordeste,2020-04-11,PI,3273227.0,41,7
645,Nordeste,2020-04-12,PI,3273227.0,44,7
646,Nordeste,2020-04-13,PI,3273227.0,50,8
647,Nordeste,2020-04-14,PI,3273227.0,58,8
648,Nordeste,2020-04-15,PI,3273227.0,75,8
649,Nordeste,2020-04-16,PI,3273227.0,91,8
650,Nordeste,2020-04-17,PI,3273227.0,102,8
651,Nordeste,2020-04-18,PI,3273227.0,123,9
652,Nordeste,2020-04-19,PI,3273227.0,145,10
653,Nordeste,2020-04-20,PI,3273227.0,158,12
654,Nordeste,2020-04-21,PI,3273227.0,186,14
655,Nordeste,2020-04-22,PI,3273227.0,206,15
656,Nordeste,2020-04-23,PI,3273227.0,217,15
657,Nordeste,2020-04-24,PI,3273227.0,256,16
658,Nordeste,2020-04-25,PI,3273227.0,297,17
659,Nordeste,2020-04-26,PI,3273227.0,331,18
660,Nordeste,2020-04-27,PI,3273227.0,364,20
661,Nordeste,2020-04-28,PI,3273227.0,408,21
662,Nordeste,2020-04-29,PI,3273227.0,454,24
663,Nordeste,2020-04-30,PI,3273227.0,513,24
664,Nordeste,2020-05-01,PI,3273227.0,600,24
665,Nordeste,2020-05-02,PI,3273227.0,665,26
666,Nordeste,2020-05-03,PI,3273227.0,742,28
667,Nordeste,2020-05-04,PI,3273227.0,784,28
668,Nordeste,2020-05-05,PI,3273227.0,875,29
669,Nordeste,2020-05-06,PI,3273227.0,949,30
670,Nordeste,2020-05-07,PI,3273227.0,1051,35
671,Nordeste,2020-05-08,PI,3273227.0,1131,37
672,Nordeste,2020-05-09,PI,3273227.0,1233,38
673,Nordeste,2020-05-10,PI,3273227.0,1278,42
674,Nordeste,2020-05-11,PI,3273227.0,1332,45
675,Nordeste,2020-05-12,PI,3273227.0,1443,49
676,Nordeste,2020-05-13,PI,3273227.0,1612,57
677,Nordeste,2020-05-14,PI,3273227.0,1784,60
678,Nordeste,2020-05-15,PI,3273227.0,1905,60
679,Nordeste,2020-05-16,PI,3273227.0,2085,65
680,Nordeste,2020-05-17,PI,3273227.0,2252,72
681,Nordeste,2020-05-18,PI,3273227.0,2287,80
682,Nordeste,2020-05-19,PI,3273227.0,2440,85
683,Nordeste,2020-05-20,PI,3273227.0,2637,87
684,Nordeste,2020-05-21,PI,3273227.0,2852,91
685,Nordeste,2020-05-22,PI,3273227.0,3074,93
686,Nordeste,2020-05-23,PI,3273227.0,3258,99
687,Nordeste,2020-05-24,PI,3273227.0,3390,107
688,Nordeste,2020-03-17,CE,9132078.0,5,0
689,Nordeste,2020-03-18,CE,9132078.0,9,0
690,Nordeste,2020-03-19,CE,9132078.0,20,0
691,Nordeste,2020-03-20,CE,9132078.0,55,0
692,Nordeste,2020-03-21,CE,9132078.0,68,0
693,Nordeste,2020-03-22,CE,9132078.0,112,0
694,Nordeste,2020-03-23,CE,9132078.0,163,0
695,Nordeste,2020-03-24,CE,9132078.0,182,0
696,Nordeste,2020-03-25,CE,9132078.0,200,0
697,Nordeste,2020-03-26,CE,9132078.0,235,3
698,Nordeste,2020-03-27,CE,9132078.0,282,3
699,Nordeste,2020-03-28,CE,9132078.0,314,4
700,Nordeste,2020-03-29,CE,9132078.0,348,5
701,Nordeste,2020-03-30,CE,9132078.0,372,5
702,Nordeste,2020-03-31,CE,9132078.0,390,7
703,Nordeste,2020-04-01,CE,9132078.0,444,8
704,Nordeste,2020-04-02,CE,9132078.0,550,20
705,Nordeste,2020-04-03,CE,9132078.0,627,22
706,Nordeste,2020-04-04,CE,9132078.0,730,22
707,Nordeste,2020-04-05,CE,9132078.0,823,26
708,Nordeste,2020-04-06,CE,9132078.0,1013,29
709,Nordeste,2020-04-07,CE,9132078.0,1051,31
710,Nordeste,2020-04-08,CE,9132078.0,1291,43
711,Nordeste,2020-04-09,CE,9132078.0,1425,55
712,Nordeste,2020-04-10,CE,9132078.0,1478,58
713,Nordeste,2020-04-11,CE,9132078.0,1582,67
714,Nordeste,2020-04-12,CE,9132078.0,1676,74
715,Nordeste,2020-04-13,CE,9132078.0,1800,91
716,Nordeste,2020-04-14,CE,9132078.0,2005,107
717,Nordeste,2020-04-15,CE,9132078.0,2157,116
718,Nordeste,2020-04-16,CE,9132078.0,2386,124
719,Nordeste,2020-04-17,CE,9132078.0,2684,149
720,Nordeste,2020-04-18,CE,9132078.0,3034,176
721,Nordeste,2020-04-19,CE,9132078.0,3252,186
722,Nordeste,2020-04-20,CE,9132078.0,3482,198
723,Nordeste,2020-04-21,CE,9132078.0,3716,215
724,Nordeste,2020-04-22,CE,9132078.0,3910,233
725,Nordeste,2020-04-23,CE,9132078.0,4598,266
726,Nordeste,2020-04-24,CE,9132078.0,4800,284
727,Nordeste,2020-04-25,CE,9132078.0,5421,310
728,Nordeste,2020-04-26,CE,9132078.0,5833,327
729,Nordeste,2020-04-27,CE,9132078.0,6726,390
730,Nordeste,2020-04-28,CE,9132078.0,6918,403
731,Nordeste,2020-04-29,CE,9132078.0,7267,441
732,Nordeste,2020-04-30,CE,9132078.0,7606,482
733,Nordeste,2020-05-01,CE,9132078.0,7879,505
734,Nordeste,2020-05-02,CE,9132078.0,8231,614
735,Nordeste,2020-05-03,CE,9132078.0,8370,663
736,Nordeste,2020-05-04,CE,9132078.0,11040,712
737,Nordeste,2020-05-05,CE,9132078.0,11470,795
738,Nordeste,2020-05-06,CE,9132078.0,12304,848
739,Nordeste,2020-05-07,CE,9132078.0,13888,903
740,Nordeste,2020-05-08,CE,9132078.0,14956,966
741,Nordeste,2020-05-09,CE,9132078.0,15879,1062
742,Nordeste,2020-05-10,CE,9132078.0,16692,1114
743,Nordeste,2020-05-11,CE,9132078.0,17599,1189
744,Nordeste,2020-05-12,CE,9132078.0,18412,1280
745,Nordeste,2020-05-13,CE,9132078.0,19156,1389
746,Nordeste,2020-05-14,CE,9132078.0,21077,1413
747,Nordeste,2020-05-15,CE,9132078.0,22490,1476
748,Nordeste,2020-05-16,CE,9132078.0,23795,1614
749,Nordeste,2020-05-17,CE,9132078.0,24255,1641
750,Nordeste,2020-05-18,CE,9132078.0,26363,1748
751,Nordeste,2020-05-19,CE,9132078.0,28112,1856
752,Nordeste,2020-05-20,CE,9132078.0,30560,1900
753,Nordeste,2020-05-21,CE,9132078.0,31413,2161
754,Nordeste,2020-05-22,CE,9132078.0,34573,2251
755,Nordeste,2020-05-23,CE,9132078.0,35122,2308
756,Nordeste,2020-05-24,CE,9132078.0,35595,2324
757,Nordeste,2020-03-13,RN,3506853.0,1,0
758,Nordeste,2020-03-14,RN,3506853.0,1,0
759,Nordeste,2020-03-15,RN,3506853.0,1,0
760,Nordeste,2020-03-16,RN,3506853.0,1,0
761,Nordeste,2020-03-17,RN,3506853.0,1,0
762,Nordeste,2020-03-18,RN,3506853.0,1,0
763,Nordeste,2020-03-19,RN,3506853.0,1,0
764,Nordeste,2020-03-20,RN,3506853.0,1,0
765,Nordeste,2020-03-21,RN,3506853.0,6,0
766,Nordeste,2020-03-22,RN,3506853.0,9,0
767,Nordeste,2020-03-23,RN,3506853.0,13,0
768,Nordeste,2020-03-24,RN,3506853.0,13,0
769,Nordeste,2020-03-25,RN,3506853.0,14,0
770,Nordeste,2020-03-26,RN,3506853.0,19,0
771,Nordeste,2020-03-27,RN,3506853.0,28,0
772,Nordeste,2020-03-28,RN,3506853.0,45,0
773,Nordeste,2020-03-29,RN,3506853.0,68,1
774,Nordeste,2020-03-30,RN,3506853.0,77,1
775,Nordeste,2020-03-31,RN,3506853.0,82,1
776,Nordeste,2020-04-01,RN,3506853.0,92,2
777,Nordeste,2020-04-02,RN,3506853.0,105,2
778,Nordeste,2020-04-03,RN,3506853.0,176,4
779,Nordeste,2020-04-04,RN,3506853.0,212,5
780,Nordeste,2020-04-05,RN,3506853.0,242,7
781,Nordeste,2020-04-06,RN,3506853.0,246,7
782,Nordeste,2020-04-07,RN,3506853.0,254,8
783,Nordeste,2020-04-08,RN,3506853.0,261,11
784,Nordeste,2020-04-09,RN,3506853.0,261,11
785,Nordeste,2020-04-10,RN,3506853.0,263,11
786,Nordeste,2020-04-11,RN,3506853.0,289,13
787,Nordeste,2020-04-12,RN,3506853.0,302,15
788,Nordeste,2020-04-13,RN,3506853.0,339,17
789,Nordeste,2020-04-14,RN,3506853.0,376,18
790,Nordeste,2020-04-15,RN,3506853.0,399,19
791,Nordeste,2020-04-16,RN,3506853.0,400,20
792,Nordeste,2020-04-17,RN,3506853.0,463,23
793,Nordeste,2020-04-18,RN,3506853.0,516,24
794,Nordeste,2020-04-19,RN,3506853.0,531,25
795,Nordeste,2020-04-20,RN,3506853.0,595,27
796,Nordeste,2020-04-21,RN,3506853.0,608,28
797,Nordeste,2020-04-22,RN,3506853.0,646,29
798,Nordeste,2020-04-23,RN,3506853.0,708,34
799,Nordeste,2020-04-24,RN,3506853.0,754,38
800,Nordeste,2020-04-25,RN,3506853.0,781,40
801,Nordeste,2020-04-26,RN,3506853.0,825,44
802,Nordeste,2020-04-27,RN,3506853.0,832,45
803,Nordeste,2020-04-28,RN,3506853.0,857,48
804,Nordeste,2020-04-29,RN,3506853.0,1086,53
805,Nordeste,2020-04-30,RN,3506853.0,1177,56
806,Nordeste,2020-05-01,RN,3506853.0,1297,56
807,Nordeste,2020-05-02,RN,3506853.0,1366,59
808,Nordeste,2020-05-03,RN,3506853.0,1392,61
809,Nordeste,2020-05-04,RN,3506853.0,1421,62
810,Nordeste,2020-05-05,RN,3506853.0,1536,68
811,Nordeste,2020-05-06,RN,3506853.0,1574,72
812,Nordeste,2020-05-07,RN,3506853.0,1739,76
813,Nordeste,2020-05-08,RN,3506853.0,1821,81
814,Nordeste,2020-05-09,RN,3506853.0,1919,87
815,Nordeste,2020-05-10,RN,3506853.0,1928,88
816,Nordeste,2020-05-11,RN,3506853.0,1989,92
817,Nordeste,2020-05-12,RN,3506853.0,2033,93
818,Nordeste,2020-05-13,RN,3506853.0,2367,105
819,Nordeste,2020-05-14,RN,3506853.0,2537,117
820,Nordeste,2020-05-15,RN,3506853.0,2786,122
821,Nordeste,2020-05-16,RN,3506853.0,3004,136
822,Nordeste,2020-05-17,RN,3506853.0,3137,139
823,Nordeste,2020-05-18,RN,3506853.0,3184,146
824,Nordeste,2020-05-19,RN,3506853.0,3483,160
825,Nordeste,2020-05-20,RN,3506853.0,3796,170
826,Nordeste,2020-05-21,RN,3506853.0,4060,178
827,Nordeste,2020-05-22,RN,3506853.0,4251,181
828,Nordeste,2020-05-23,RN,3506853.0,4599,184
829,Nordeste,2020-05-24,RN,3506853.0,4697,200
830,Nordeste,2020-03-19,PB,4018127.0,1,0
831,Nordeste,2020-03-20,PB,4018127.0,1,0
832,Nordeste,2020-03-21,PB,4018127.0,1,0
833,Nordeste,2020-03-22,PB,4018127.0,1,0
834,Nordeste,2020-03-23,PB,4018127.0,2,0
835,Nordeste,2020-03-24,PB,4018127.0,3,0
836,Nordeste,2020-03-25,PB,4018127.0,3,0
837,Nordeste,2020-03-26,PB,4018127.0,5,0
838,Nordeste,2020-03-27,PB,4018127.0,9,0
839,Nordeste,2020-03-28,PB,4018127.0,14,0
840,Nordeste,2020-03-29,PB,4018127.0,14,0
841,Nordeste,2020-03-30,PB,4018127.0,15,0
842,Nordeste,2020-03-31,PB,4018127.0,17,0
843,Nordeste,2020-04-01,PB,4018127.0,20,1
844,Nordeste,2020-04-02,PB,4018127.0,21,1
845,Nordeste,2020-04-03,PB,4018127.0,29,1
846,Nordeste,2020-04-04,PB,4018127.0,32,2
847,Nordeste,2020-04-05,PB,4018127.0,34,4
848,Nordeste,2020-04-06,PB,4018127.0,35,4
849,Nordeste,2020-04-07,PB,4018127.0,36,4
850,Nordeste,2020-04-08,PB,4018127.0,41,4
851,Nordeste,2020-04-09,PB,4018127.0,55,7
852,Nordeste,2020-04-10,PB,4018127.0,79,11
853,Nordeste,2020-04-11,PB,4018127.0,85,11
854,Nordeste,2020-04-12,PB,4018127.0,101,13
855,Nordeste,2020-04-13,PB,4018127.0,111,13
856,Nordeste,2020-04-14,PB,4018127.0,136,16
857,Nordeste,2020-04-15,PB,4018127.0,151,21
858,Nordeste,2020-04-16,PB,4018127.0,165,24
859,Nordeste,2020-04-17,PB,4018127.0,195,26
860,Nordeste,2020-04-18,PB,4018127.0,205,26
861,Nordeste,2020-04-19,PB,4018127.0,236,29
862,Nordeste,2020-04-20,PB,4018127.0,245,32
863,Nordeste,2020-04-21,PB,4018127.0,263,33
864,Nordeste,2020-04-22,PB,4018127.0,301,39
865,Nordeste,2020-04-23,PB,4018127.0,345,40
866,Nordeste,2020-04-24,PB,4018127.0,386,44
867,Nordeste,2020-04-25,PB,4018127.0,447,46
868,Nordeste,2020-04-26,PB,4018127.0,499,49
869,Nordeste,2020-04-27,PB,4018127.0,543,50
870,Nordeste,2020-04-28,PB,4018127.0,633,53
871,Nordeste,2020-04-29,PB,4018127.0,699,58
872,Nordeste,2020-04-30,PB,4018127.0,814,62
873,Nordeste,2020-05-01,PB,4018127.0,926,67
874,Nordeste,2020-05-02,PB,4018127.0,1034,74
875,Nordeste,2020-05-03,PB,4018127.0,1169,76
876,Nordeste,2020-05-04,PB,4018127.0,1219,79
877,Nordeste,2020-05-05,PB,4018127.0,1361,85
878,Nordeste,2020-05-06,PB,4018127.0,1493,92
879,Nordeste,2020-05-07,PB,4018127.0,1657,101
880,Nordeste,2020-05-08,PB,4018127.0,2031,114
881,Nordeste,2020-05-09,PB,4018127.0,2156,124
882,Nordeste,2020-05-10,PB,4018127.0,2341,135
883,Nordeste,2020-05-11,PB,4018127.0,2525,139
884,Nordeste,2020-05-12,PB,4018127.0,2777,154
885,Nordeste,2020-05-13,PB,4018127.0,3045,157
886,Nordeste,2020-05-14,PB,4018127.0,3361,160
887,Nordeste,2020-05-15,PB,4018127.0,3739,170
888,Nordeste,2020-05-16,PB,4018127.0,4063,183
889,Nordeste,2020-05-17,PB,4018127.0,4347,194
890,Nordeste,2020-05-18,PB,4018127.0,4786,207
891,Nordeste,2020-05-19,PB,4018127.0,5300,219
892,Nordeste,2020-05-20,PB,4018127.0,5838,230
893,Nordeste,2020-05-21,PB,4018127.0,6238,245
894,Nordeste,2020-05-22,PB,4018127.0,6882,248
895,Nordeste,2020-05-23,PB,4018127.0,7508,258
896,Nordeste,2020-05-24,PB,4018127.0,7823,272
897,Nordeste,2020-03-12,PE,9557071.0,2,0
898,Nordeste,2020-03-13,PE,9557071.0,2,0
899,Nordeste,2020-03-14,PE,9557071.0,2,0
900,Nordeste,2020-03-15,PE,9557071.0,2,0
901,Nordeste,2020-03-16,PE,9557071.0,2,0
902,Nordeste,2020-03-17,PE,9557071.0,16,0
903,Nordeste,2020-03-18,PE,9557071.0,16,0
904,Nordeste,2020-03-19,PE,9557071.0,28,0
905,Nordeste,2020-03-20,PE,9557071.0,30,0
906,Nordeste,2020-03-21,PE,9557071.0,30,0
907,Nordeste,2020-03-22,PE,9557071.0,37,0
908,Nordeste,2020-03-23,PE,9557071.0,42,0
909,Nordeste,2020-03-24,PE,9557071.0,42,0
910,Nordeste,2020-03-25,PE,9557071.0,46,1
911,Nordeste,2020-03-26,PE,9557071.0,48,3
912,Nordeste,2020-03-27,PE,9557071.0,56,4
913,Nordeste,2020-03-28,PE,9557071.0,68,5
914,Nordeste,2020-03-29,PE,9557071.0,73,5
915,Nordeste,2020-03-30,PE,9557071.0,78,6
916,Nordeste,2020-03-31,PE,9557071.0,87,6
917,Nordeste,2020-04-01,PE,9557071.0,95,8
918,Nordeste,2020-04-02,PE,9557071.0,106,9
919,Nordeste,2020-04-03,PE,9557071.0,136,10
920,Nordeste,2020-04-04,PE,9557071.0,176,14
921,Nordeste,2020-04-05,PE,9557071.0,201,21
922,Nordeste,2020-04-06,PE,9557071.0,223,30
923,Nordeste,2020-04-07,PE,9557071.0,352,34
924,Nordeste,2020-04-08,PE,9557071.0,401,46
925,Nordeste,2020-04-09,PE,9557071.0,555,56
926,Nordeste,2020-04-10,PE,9557071.0,684,65
927,Nordeste,2020-04-11,PE,9557071.0,816,72
928,Nordeste,2020-04-12,PE,9557071.0,960,85
929,Nordeste,2020-04-13,PE,9557071.0,1154,102
930,Nordeste,2020-04-14,PE,9557071.0,1284,115
931,Nordeste,2020-04-15,PE,9557071.0,1484,143
932,Nordeste,2020-04-16,PE,9557071.0,1683,160
933,Nordeste,2020-04-17,PE,9557071.0,2006,186
934,Nordeste,2020-04-18,PE,9557071.0,2193,205
935,Nordeste,2020-04-19,PE,9557071.0,2459,216
936,Nordeste,2020-04-20,PE,9557071.0,2690,234
937,Nordeste,2020-04-21,PE,9557071.0,2908,260
938,Nordeste,2020-04-22,PE,9557071.0,3298,282
939,Nordeste,2020-04-23,PE,9557071.0,3519,312
940,Nordeste,2020-04-24,PE,9557071.0,3999,352
941,Nordeste,2020-04-25,PE,9557071.0,4507,381
942,Nordeste,2020-04-26,PE,9557071.0,4898,415
943,Nordeste,2020-04-27,PE,9557071.0,5358,450
944,Nordeste,2020-04-28,PE,9557071.0,5724,508
945,Nordeste,2020-04-29,PE,9557071.0,6194,538
946,Nordeste,2020-04-30,PE,9557071.0,6876,565
947,Nordeste,2020-05-01,PE,9557071.0,7334,603
948,Nordeste,2020-05-02,PE,9557071.0,8145,628
949,Nordeste,2020-05-03,PE,9557071.0,8643,652
950,Nordeste,2020-05-04,PE,9557071.0,8863,691
951,Nordeste,2020-05-05,PE,9557071.0,9325,749
952,Nordeste,2020-05-06,PE,9557071.0,9881,803
953,Nordeste,2020-05-07,PE,9557071.0,10824,845
954,Nordeste,2020-05-08,PE,9557071.0,11587,927
955,Nordeste,2020-05-09,PE,9557071.0,12470,972
956,Nordeste,2020-05-10,PE,9557071.0,13275,1047
957,Nordeste,2020-05-11,PE,9557071.0,13768,1087
958,Nordeste,2020-05-12,PE,9557071.0,14309,1157
959,Nordeste,2020-05-13,PE,9557071.0,14901,1224
960,Nordeste,2020-05-14,PE,9557071.0,15588,1298
961,Nordeste,2020-05-15,PE,9557071.0,16209,1381
962,Nordeste,2020-05-16,PE,9557071.0,18488,1461
963,Nordeste,2020-05-17,PE,9557071.0,19452,1516
964,Nordeste,2020-05-18,PE,9557071.0,20094,1640
965,Nordeste,2020-05-19,PE,9557071.0,21242,1741
966,Nordeste,2020-05-20,PE,9557071.0,22560,1834
967,Nordeste,2020-05-21,PE,9557071.0,23911,1925
968,Nordeste,2020-05-22,PE,9557071.0,25760,2057
969,Nordeste,2020-05-23,PE,9557071.0,26786,2144
970,Nordeste,2020-05-24,PE,9557071.0,27759,2200
971,Nordeste,2020-03-08,AL,3337357.0,1,0
972,Nordeste,2020-03-09,AL,3337357.0,1,0
973,Nordeste,2020-03-10,AL,3337357.0,1,0
974,Nordeste,2020-03-11,AL,3337357.0,1,0
975,Nordeste,2020-03-12,AL,3337357.0,1,0
976,Nordeste,2020-03-13,AL,3337357.0,1,0
977,Nordeste,2020-03-14,AL,3337357.0,1,0
978,Nordeste,2020-03-15,AL,3337357.0,1,0
979,Nordeste,2020-03-16,AL,3337357.0,1,0
980,Nordeste,2020-03-17,AL,3337357.0,1,0
981,Nordeste,2020-03-18,AL,3337357.0,1,0
982,Nordeste,2020-03-19,AL,3337357.0,4,0
983,Nordeste,2020-03-20,AL,3337357.0,5,0
984,Nordeste,2020-03-21,AL,3337357.0,7,0
985,Nordeste,2020-03-22,AL,3337357.0,7,0
986,Nordeste,2020-03-23,AL,3337357.0,7,0
987,Nordeste,2020-03-24,AL,3337357.0,9,0
988,Nordeste,2020-03-25,AL,3337357.0,11,0
989,Nordeste,2020-03-26,AL,3337357.0,11,0
990,Nordeste,2020-03-27,AL,3337357.0,11,0
991,Nordeste,2020-03-28,AL,3337357.0,14,0
992,Nordeste,2020-03-29,AL,3337357.0,17,0
993,Nordeste,2020-03-30,AL,3337357.0,17,0
994,Nordeste,2020-03-31,AL,3337357.0,18,1
995,Nordeste,2020-04-01,AL,3337357.0,18,1
996,Nordeste,2020-04-02,AL,3337357.0,18,1
997,Nordeste,2020-04-03,AL,3337357.0,22,2
998,Nordeste,2020-04-04,AL,3337357.0,23,2
999,Nordeste,2020-04-05,AL,3337357.0,28,2
1000,Nordeste,2020-04-06,AL,3337357.0,31,2
1001,Nordeste,2020-04-07,AL,3337357.0,32,2
1002,Nordeste,2020-04-08,AL,3337357.0,37,2
1003,Nordeste,2020-04-09,AL,3337357.0,37,3
1004,Nordeste,2020-04-10,AL,3337357.0,45,3
1005,Nordeste,2020-04-11,AL,3337357.0,48,3
1006,Nordeste,2020-04-12,AL,3337357.0,48,3
1007,Nordeste,2020-04-13,AL,3337357.0,50,3
1008,Nordeste,2020-04-14,AL,3337357.0,72,4
1009,Nordeste,2020-04-15,AL,3337357.0,82,5
1010,Nordeste,2020-04-16,AL,3337357.0,89,5
1011,Nordeste,2020-04-17,AL,3337357.0,110,7
1012,Nordeste,2020-04-18,AL,3337357.0,132,7
1013,Nordeste,2020-04-19,AL,3337357.0,159,15
1014,Nordeste,2020-04-20,AL,3337357.0,171,18
1015,Nordeste,2020-04-21,AL,3337357.0,210,19
1016,Nordeste,2020-04-22,AL,3337357.0,243,20
1017,Nordeste,2020-04-23,AL,3337357.0,324,22
1018,Nordeste,2020-04-24,AL,3337357.0,413,27
1019,Nordeste,2020-04-25,AL,3337357.0,501,29
1020,Nordeste,2020-04-26,AL,3337357.0,554,32
1021,Nordeste,2020-04-27,AL,3337357.0,643,34
1022,Nordeste,2020-04-28,AL,3337357.0,777,36
1023,Nordeste,2020-04-29,AL,3337357.0,957,41
1024,Nordeste,2020-04-30,AL,3337357.0,1044,47
1025,Nordeste,2020-05-01,AL,3337357.0,1226,53
1026,Nordeste,2020-05-02,AL,3337357.0,1372,58
1027,Nordeste,2020-05-03,AL,3337357.0,1441,64
1028,Nordeste,2020-05-04,AL,3337357.0,1538,72
1029,Nordeste,2020-05-05,AL,3337357.0,1606,80
1030,Nordeste,2020-05-06,AL,3337357.0,1703,89
1031,Nordeste,2020-05-07,AL,3337357.0,1867,98
1032,Nordeste,2020-05-08,AL,3337357.0,2033,108
1033,Nordeste,2020-05-09,AL,3337357.0,2172,114
1034,Nordeste,2020-05-10,AL,3337357.0,2258,126
1035,Nordeste,2020-05-11,AL,3337357.0,2343,138
1036,Nordeste,2020-05-12,AL,3337357.0,2580,150
1037,Nordeste,2020-05-13,AL,3337357.0,2761,164
1038,Nordeste,2020-05-14,AL,3337357.0,2972,177
1039,Nordeste,2020-05-15,AL,3337357.0,3212,187
1040,Nordeste,2020-05-16,AL,3337357.0,3593,199
1041,Nordeste,2020-05-17,AL,3337357.0,3816,210
1042,Nordeste,2020-05-18,AL,3337357.0,4031,221
1043,Nordeste,2020-05-19,AL,3337357.0,4316,231
1044,Nordeste,2020-05-20,AL,3337357.0,4437,251
1045,Nordeste,2020-05-21,AL,3337357.0,4916,262
1046,Nordeste,2020-05-22,AL,3337357.0,5302,280
1047,Nordeste,2020-05-23,AL,3337357.0,5630,301
1048,Nordeste,2020-05-24,AL,3337357.0,6214,316
1049,Nordeste,2020-03-15,SE,2298696.0,1,0
1050,Nordeste,2020-03-16,SE,2298696.0,1,0
1051,Nordeste,2020-03-17,SE,2298696.0,4,0
1052,Nordeste,2020-03-18,SE,2298696.0,5,0
1053,Nordeste,2020-03-19,SE,2298696.0,6,0
1054,Nordeste,2020-03-20,SE,2298696.0,6,0
1055,Nordeste,2020-03-21,SE,2298696.0,10,0
1056,Nordeste,2020-03-22,SE,2298696.0,10,0
1057,Nordeste,2020-03-23,SE,2298696.0,10,0
1058,Nordeste,2020-03-24,SE,2298696.0,15,0
1059,Nordeste,2020-03-25,SE,2298696.0,16,0
1060,Nordeste,2020-03-26,SE,2298696.0,16,0
1061,Nordeste,2020-03-27,SE,2298696.0,16,0
1062,Nordeste,2020-03-28,SE,2298696.0,16,0
1063,Nordeste,2020-03-29,SE,2298696.0,16,0
1064,Nordeste,2020-03-30,SE,2298696.0,16,0
1065,Nordeste,2020-03-31,SE,2298696.0,19,0
1066,Nordeste,2020-04-01,SE,2298696.0,20,0
1067,Nordeste,2020-04-02,SE,2298696.0,23,2
1068,Nordeste,2020-04-03,SE,2298696.0,25,2
1069,Nordeste,2020-04-04,SE,2298696.0,27,2
1070,Nordeste,2020-04-05,SE,2298696.0,32,3
1071,Nordeste,2020-04-06,SE,2298696.0,32,4
1072,Nordeste,2020-04-07,SE,2298696.0,36,4
1073,Nordeste,2020-04-08,SE,2298696.0,36,4
1074,Nordeste,2020-04-09,SE,2298696.0,39,4
1075,Nordeste,2020-04-10,SE,2298696.0,42,4
1076,Nordeste,2020-04-11,SE,2298696.0,42,4
1077,Nordeste,2020-04-12,SE,2298696.0,44,4
1078,Nordeste,2020-04-13,SE,2298696.0,44,4
1079,Nordeste,2020-04-14,SE,2298696.0,45,4
1080,Nordeste,2020-04-15,SE,2298696.0,46,4
1081,Nordeste,2020-04-16,SE,2298696.0,48,4
1082,Nordeste,2020-04-17,SE,2298696.0,53,4
1083,Nordeste,2020-04-18,SE,2298696.0,71,5
1084,Nordeste,2020-04-19,SE,2298696.0,83,5
1085,Nordeste,2020-04-20,SE,2298696.0,86,5
1086,Nordeste,2020-04-21,SE,2298696.0,92,5
1087,Nordeste,2020-04-22,SE,2298696.0,117,7
1088,Nordeste,2020-04-23,SE,2298696.0,124,8
1089,Nordeste,2020-04-24,SE,2298696.0,144,8
1090,Nordeste,2020-04-25,SE,2298696.0,153,9
1091,Nordeste,2020-04-26,SE,2298696.0,159,9
1092,Nordeste,2020-04-27,SE,2298696.0,197,10
1093,Nordeste,2020-04-28,SE,2298696.0,280,11
1094,Nordeste,2020-04-29,SE,2298696.0,337,12
1095,Nordeste,2020-04-30,SE,2298696.0,447,12
1096,Nordeste,2020-05-01,SE,2298696.0,517,14
1097,Nordeste,2020-05-02,SE,2298696.0,601,14
1098,Nordeste,2020-05-03,SE,2298696.0,730,14
1099,Nordeste,2020-05-04,SE,2298696.0,772,17
1100,Nordeste,2020-05-05,SE,2298696.0,898,21
1101,Nordeste,2020-05-06,SE,2298696.0,998,23
1102,Nordeste,2020-05-07,SE,2298696.0,1214,25
1103,Nordeste,2020-05-08,SE,2298696.0,1438,28
1104,Nordeste,2020-05-09,SE,2298696.0,1588,33
1105,Nordeste,2020-05-10,SE,2298696.0,1771,34
1106,Nordeste,2020-05-11,SE,2298696.0,1800,37
1107,Nordeste,2020-05-12,SE,2298696.0,2032,37
1108,Nordeste,2020-05-13,SE,2298696.0,2268,42
1109,Nordeste,2020-05-14,SE,2298696.0,2494,47
1110,Nordeste,2020-05-15,SE,2298696.0,2868,50
1111,Nordeste,2020-05-16,SE,2298696.0,3135,53
1112,Nordeste,2020-05-17,SE,2298696.0,3343,57
1113,Nordeste,2020-05-18,SE,2298696.0,3566,59
1114,Nordeste,2020-05-19,SE,2298696.0,3967,63
1115,Nordeste,2020-05-20,SE,2298696.0,4277,69
1116,Nordeste,2020-05-21,SE,2298696.0,4734,76
1117,Nordeste,2020-05-22,SE,2298696.0,4922,82
1118,Nordeste,2020-05-23,SE,2298696.0,5131,86
1119,Nordeste,2020-05-24,SE,2298696.0,5314,93
1120,Nordeste,2020-03-06,BA,14873064.0,1,0
1121,Nordeste,2020-03-07,BA,14873064.0,2,0
1122,Nordeste,2020-03-08,BA,14873064.0,2,0
1123,Nordeste,2020-03-09,BA,14873064.0,2,0
1124,Nordeste,2020-03-10,BA,14873064.0,2,0
1125,Nordeste,2020-03-11,BA,14873064.0,2,0
1126,Nordeste,2020-03-12,BA,14873064.0,2,0
1127,Nordeste,2020-03-13,BA,14873064.0,2,0
1128,Nordeste,2020-03-14,BA,14873064.0,2,0
1129,Nordeste,2020-03-15,BA,14873064.0,2,0
1130,Nordeste,2020-03-16,BA,14873064.0,2,0
1131,Nordeste,2020-03-17,BA,14873064.0,3,0
1132,Nordeste,2020-03-18,BA,14873064.0,3,0
1133,Nordeste,2020-03-19,BA,14873064.0,30,0
1134,Nordeste,2020-03-20,BA,14873064.0,33,0
1135,Nordeste,2020-03-21,BA,14873064.0,41,0
1136,Nordeste,2020-03-22,BA,14873064.0,49,0
1137,Nordeste,2020-03-23,BA,14873064.0,63,0
1138,Nordeste,2020-03-24,BA,14873064.0,76,0
1139,Nordeste,2020-03-25,BA,14873064.0,84,0
1140,Nordeste,2020-03-26,BA,14873064.0,104,0
1141,Nordeste,2020-03-27,BA,14873064.0,115,0
1142,Nordeste,2020-03-28,BA,14873064.0,127,0
1143,Nordeste,2020-03-29,BA,14873064.0,154,1
1144,Nordeste,2020-03-30,BA,14873064.0,176,1
1145,Nordeste,2020-03-31,BA,14873064.0,213,2
1146,Nordeste,2020-04-01,BA,14873064.0,246,2
1147,Nordeste,2020-04-02,BA,14873064.0,267,3
1148,Nordeste,2020-04-03,BA,14873064.0,282,5
1149,Nordeste,2020-04-04,BA,14873064.0,332,7
1150,Nordeste,2020-04-05,BA,14873064.0,401,9
1151,Nordeste,2020-04-06,BA,14873064.0,431,10
1152,Nordeste,2020-04-07,BA,14873064.0,456,12
1153,Nordeste,2020-04-08,BA,14873064.0,497,15
1154,Nordeste,2020-04-09,BA,14873064.0,559,19
1155,Nordeste,2020-04-10,BA,14873064.0,604,19
1156,Nordeste,2020-04-11,BA,14873064.0,635,21
1157,Nordeste,2020-04-12,BA,14873064.0,673,21
1158,Nordeste,2020-04-13,BA,14873064.0,723,22
1159,Nordeste,2020-04-14,BA,14873064.0,759,22
1160,Nordeste,2020-04-15,BA,14873064.0,807,27
1161,Nordeste,2020-04-16,BA,14873064.0,951,30
1162,Nordeste,2020-04-17,BA,14873064.0,1059,36
1163,Nordeste,2020-04-18,BA,14873064.0,1193,37
1164,Nordeste,2020-04-19,BA,14873064.0,1230,45
1165,Nordeste,2020-04-20,BA,14873064.0,1341,46
1166,Nordeste,2020-04-21,BA,14873064.0,1489,47
1167,Nordeste,2020-04-22,BA,14873064.0,1644,50
1168,Nordeste,2020-04-23,BA,14873064.0,1789,59
1169,Nordeste,2020-04-24,BA,14873064.0,1962,64
1170,Nordeste,2020-04-25,BA,14873064.0,2081,70
1171,Nordeste,2020-04-26,BA,14873064.0,2209,73
1172,Nordeste,2020-04-27,BA,14873064.0,2354,76
1173,Nordeste,2020-04-28,BA,14873064.0,2540,86
1174,Nordeste,2020-04-29,BA,14873064.0,2646,96
1175,Nordeste,2020-04-30,BA,14873064.0,2851,104
1176,Nordeste,2020-05-01,BA,14873064.0,3085,117
1177,Nordeste,2020-05-02,BA,14873064.0,3267,123
1178,Nordeste,2020-05-03,BA,14873064.0,3495,123
1179,Nordeste,2020-05-04,BA,14873064.0,3734,141
1180,Nordeste,2020-05-05,BA,14873064.0,4040,146
1181,Nordeste,2020-05-06,BA,14873064.0,4301,160
1182,Nordeste,2020-05-07,BA,14873064.0,4528,165
1183,Nordeste,2020-05-08,BA,14873064.0,4818,183
1184,Nordeste,2020-05-09,BA,14873064.0,5174,196
1185,Nordeste,2020-05-10,BA,14873064.0,5558,202
1186,Nordeste,2020-05-11,BA,14873064.0,5808,211
1187,Nordeste,2020-05-12,BA,14873064.0,6204,225
1188,Nordeste,2020-05-13,BA,14873064.0,6547,236
1189,Nordeste,2020-05-14,BA,14873064.0,6955,262
1190,Nordeste,2020-05-15,BA,14873064.0,8128,281
1191,Nordeste,2020-05-16,BA,14873064.0,8314,286
1192,Nordeste,2020-05-17,BA,14873064.0,8443,295
1193,Nordeste,2020-05-18,BA,14873064.0,8581,312
1194,Nordeste,2020-05-19,BA,14873064.0,11013,326
1195,Nordeste,2020-05-20,BA,14873064.0,11197,362
1196,Nordeste,2020-05-21,BA,14873064.0,11941,376
1197,Nordeste,2020-05-22,BA,14873064.0,12557,399
1198,Nordeste,2020-05-23,BA,14873064.0,13000,413
1199,Nordeste,2020-05-24,BA,14873064.0,13899,460
1200,Sudeste,2020-03-08,MG,21168791.0,1,0
1201,Sudeste,2020-03-09,MG,21168791.0,1,0
1202,Sudeste,2020-03-10,MG,21168791.0,1,0
1203,Sudeste,2020-03-11,MG,21168791.0,1,0
1204,Sudeste,2020-03-12,MG,21168791.0,1,0
1205,Sudeste,2020-03-13,MG,21168791.0,2,0
1206,Sudeste,2020-03-14,MG,21168791.0,2,0
1207,Sudeste,2020-03-15,MG,21168791.0,2,0
1208,Sudeste,2020-03-16,MG,21168791.0,5,0
1209,Sudeste,2020-03-17,MG,21168791.0,7,0
1210,Sudeste,2020-03-18,MG,21168791.0,15,0
1211,Sudeste,2020-03-19,MG,21168791.0,29,0
1212,Sudeste,2020-03-20,MG,21168791.0,35,0
1213,Sudeste,2020-03-21,MG,21168791.0,38,0
1214,Sudeste,2020-03-22,MG,21168791.0,83,0
1215,Sudeste,2020-03-23,MG,21168791.0,128,0
1216,Sudeste,2020-03-24,MG,21168791.0,130,0
1217,Sudeste,2020-03-25,MG,21168791.0,133,0
1218,Sudeste,2020-03-26,MG,21168791.0,153,0
1219,Sudeste,2020-03-27,MG,21168791.0,189,0
1220,Sudeste,2020-03-28,MG,21168791.0,205,0
1221,Sudeste,2020-03-29,MG,21168791.0,231,0
1222,Sudeste,2020-03-30,MG,21168791.0,261,1
1223,Sudeste,2020-03-31,MG,21168791.0,275,2
1224,Sudeste,2020-04-01,MG,21168791.0,314,3
1225,Sudeste,2020-04-02,MG,21168791.0,370,4
1226,Sudeste,2020-04-03,MG,21168791.0,397,6
1227,Sudeste,2020-04-04,MG,21168791.0,430,6
1228,Sudeste,2020-04-05,MG,21168791.0,498,6
1229,Sudeste,2020-04-06,MG,21168791.0,525,9
1230,Sudeste,2020-04-07,MG,21168791.0,559,11
1231,Sudeste,2020-04-08,MG,21168791.0,614,14
1232,Sudeste,2020-04-09,MG,21168791.0,655,15
1233,Sudeste,2020-04-10,MG,21168791.0,698,17
1234,Sudeste,2020-04-11,MG,21168791.0,750,17
1235,Sudeste,2020-04-12,MG,21168791.0,806,20
1236,Sudeste,2020-04-13,MG,21168791.0,815,23
1237,Sudeste,2020-04-14,MG,21168791.0,884,27
1238,Sudeste,2020-04-15,MG,21168791.0,903,30
1239,Sudeste,2020-04-16,MG,21168791.0,958,33
1240,Sudeste,2020-04-17,MG,21168791.0,1021,35
1241,Sudeste,2020-04-18,MG,21168791.0,1077,39
1242,Sudeste,2020-04-19,MG,21168791.0,1154,39
1243,Sudeste,2020-04-20,MG,21168791.0,1189,41
1244,Sudeste,2020-04-21,MG,21168791.0,1230,44
1245,Sudeste,2020-04-22,MG,21168791.0,1283,47
1246,Sudeste,2020-04-23,MG,21168791.0,1308,51
1247,Sudeste,2020-04-24,MG,21168791.0,1419,54
1248,Sudeste,2020-04-25,MG,21168791.0,1481,58
1249,Sudeste,2020-04-26,MG,21168791.0,1548,61
1250,Sudeste,2020-04-27,MG,21168791.0,1586,62
1251,Sudeste,2020-04-28,MG,21168791.0,1649,71
1252,Sudeste,2020-04-29,MG,21168791.0,1758,80
1253,Sudeste,2020-04-30,MG,21168791.0,1827,82
1254,Sudeste,2020-05-01,MG,21168791.0,1935,88
1255,Sudeste,2020-05-02,MG,21168791.0,2023,88
1256,Sudeste,2020-05-03,MG,21168791.0,2118,89
1257,Sudeste,2020-05-04,MG,21168791.0,2347,90
1258,Sudeste,2020-05-05,MG,21168791.0,2452,94
1259,Sudeste,2020-05-06,MG,21168791.0,2605,97
1260,Sudeste,2020-05-07,MG,21168791.0,2770,106
1261,Sudeste,2020-05-08,MG,21168791.0,2943,111
1262,Sudeste,2020-05-09,MG,21168791.0,3123,118
1263,Sudeste,2020-05-10,MG,21168791.0,3237,119
1264,Sudeste,2020-05-11,MG,21168791.0,3320,121
1265,Sudeste,2020-05-12,MG,21168791.0,3435,127
1266,Sudeste,2020-05-13,MG,21168791.0,3733,135
1267,Sudeste,2020-05-14,MG,21168791.0,3950,139
1268,Sudeste,2020-05-15,MG,21168791.0,4196,146
1269,Sudeste,2020-05-16,MG,21168791.0,4474,150
1270,Sudeste,2020-05-17,MG,21168791.0,4611,156
1271,Sudeste,2020-05-18,MG,21168791.0,4695,161
1272,Sudeste,2020-05-19,MG,21168791.0,4977,167
1273,Sudeste,2020-05-20,MG,21168791.0,5286,177
1274,Sudeste,2020-05-21,MG,21168791.0,5596,191
1275,Sudeste,2020-05-22,MG,21168791.0,5995,201
1276,Sudeste,2020-05-23,MG,21168791.0,6338,217
1277,Sudeste,2020-05-24,MG,21168791.0,6668,226
1278,Sudeste,2020-03-06,ES,4018650.0,1,0
1279,Sudeste,2020-03-07,ES,4018650.0,1,0
1280,Sudeste,2020-03-08,ES,4018650.0,1,0
1281,Sudeste,2020-03-09,ES,4018650.0,1,0
1282,Sudeste,2020-03-10,ES,4018650.0,1,0
1283,Sudeste,2020-03-11,ES,4018650.0,1,0
1284,Sudeste,2020-03-12,ES,4018650.0,1,0
1285,Sudeste,2020-03-13,ES,4018650.0,1,0
1286,Sudeste,2020-03-14,ES,4018650.0,1,0
1287,Sudeste,2020-03-15,ES,4018650.0,1,0
1288,Sudeste,2020-03-16,ES,4018650.0,1,0
1289,Sudeste,2020-03-17,ES,4018650.0,1,0
1290,Sudeste,2020-03-18,ES,4018650.0,9,0
1291,Sudeste,2020-03-19,ES,4018650.0,11,0
1292,Sudeste,2020-03-20,ES,4018650.0,13,0
1293,Sudeste,2020-03-21,ES,4018650.0,26,0
1294,Sudeste,2020-03-22,ES,4018650.0,26,0
1295,Sudeste,2020-03-23,ES,4018650.0,29,0
1296,Sudeste,2020-03-24,ES,4018650.0,33,0
1297,Sudeste,2020-03-25,ES,4018650.0,39,0
1298,Sudeste,2020-03-26,ES,4018650.0,39,0
1299,Sudeste,2020-03-27,ES,4018650.0,47,0
1300,Sudeste,2020-03-28,ES,4018650.0,53,0
1301,Sudeste,2020-03-29,ES,4018650.0,60,0
1302,Sudeste,2020-03-30,ES,4018650.0,72,0
1303,Sudeste,2020-03-31,ES,4018650.0,84,0
1304,Sudeste,2020-04-01,ES,4018650.0,96,0
1305,Sudeste,2020-04-02,ES,4018650.0,120,1
1306,Sudeste,2020-04-03,ES,4018650.0,139,4
1307,Sudeste,2020-04-04,ES,4018650.0,153,5
1308,Sudeste,2020-04-05,ES,4018650.0,166,6
1309,Sudeste,2020-04-06,ES,4018650.0,194,6
1310,Sudeste,2020-04-07,ES,4018650.0,209,6
1311,Sudeste,2020-04-08,ES,4018650.0,227,6
1312,Sudeste,2020-04-09,ES,4018650.0,273,6
1313,Sudeste,2020-04-10,ES,4018650.0,300,7
1314,Sudeste,2020-04-11,ES,4018650.0,349,9
1315,Sudeste,2020-04-12,ES,4018650.0,383,9
1316,Sudeste,2020-04-13,ES,4018650.0,430,14
1317,Sudeste,2020-04-14,ES,4018650.0,463,17
1318,Sudeste,2020-04-15,ES,4018650.0,557,18
1319,Sudeste,2020-04-16,ES,4018650.0,754,22
1320,Sudeste,2020-04-17,ES,4018650.0,856,25
1321,Sudeste,2020-04-18,ES,4018650.0,952,28
1322,Sudeste,2020-04-19,ES,4018650.0,1099,30
1323,Sudeste,2020-04-20,ES,4018650.0,1168,33
1324,Sudeste,2020-04-21,ES,4018650.0,1212,34
1325,Sudeste,2020-04-22,ES,4018650.0,1313,34
1326,Sudeste,2020-04-23,ES,4018650.0,1363,42
1327,Sudeste,2020-04-24,ES,4018650.0,1381,42
1328,Sudeste,2020-04-25,ES,4018650.0,1595,47
1329,Sudeste,2020-04-26,ES,4018650.0,1703,51
1330,Sudeste,2020-04-27,ES,4018650.0,1796,57
1331,Sudeste,2020-04-28,ES,4018650.0,1874,64
1332,Sudeste,2020-04-29,ES,4018650.0,2107,76
1333,Sudeste,2020-04-30,ES,4018650.0,2465,83
1334,Sudeste,2020-05-01,ES,4018650.0,2662,96
1335,Sudeste,2020-05-02,ES,4018650.0,2948,102
1336,Sudeste,2020-05-03,ES,4018650.0,3086,114
1337,Sudeste,2020-05-04,ES,4018650.0,3226,122
1338,Sudeste,2020-05-05,ES,4018650.0,3402,133
1339,Sudeste,2020-05-06,ES,4018650.0,3568,145
1340,Sudeste,2020-05-07,ES,4018650.0,3838,155
1341,Sudeste,2020-05-08,ES,4018650.0,4242,165
1342,Sudeste,2020-05-09,ES,4018650.0,4412,172
1343,Sudeste,2020-05-10,ES,4018650.0,4599,181
1344,Sudeste,2020-05-11,ES,4018650.0,4819,196
1345,Sudeste,2020-05-12,ES,4018650.0,5087,212
1346,Sudeste,2020-05-13,ES,4018650.0,5401,233
1347,Sudeste,2020-05-14,ES,4018650.0,5813,249
1348,Sudeste,2020-05-15,ES,4018650.0,6198,260
1349,Sudeste,2020-05-16,ES,4018650.0,6595,271
1350,Sudeste,2020-05-17,ES,4018650.0,6744,285
1351,Sudeste,2020-05-18,ES,4018650.0,7157,302
1352,Sudeste,2020-05-19,ES,4018650.0,7693,325
1353,Sudeste,2020-05-20,ES,4018650.0,8092,341
1354,Sudeste,2020-05-21,ES,4018650.0,8878,363
1355,Sudeste,2020-05-22,ES,4018650.0,9520,397
1356,Sudeste,2020-05-23,ES,4018650.0,9918,417
1357,Sudeste,2020-05-24,ES,4018650.0,10007,446
1358,Sudeste,2020-03-05,RJ,17264943.0,1,0
1359,Sudeste,2020-03-06,RJ,17264943.0,1,0
1360,Sudeste,2020-03-07,RJ,17264943.0,2,0
1361,Sudeste,2020-03-08,RJ,17264943.0,3,0
1362,Sudeste,2020-03-09,RJ,17264943.0,3,0
1363,Sudeste,2020-03-10,RJ,17264943.0,8,0
1364,Sudeste,2020-03-11,RJ,17264943.0,13,0
1365,Sudeste,2020-03-12,RJ,17264943.0,16,0
1366,Sudeste,2020-03-13,RJ,17264943.0,16,0
1367,Sudeste,2020-03-14,RJ,17264943.0,22,0
1368,Sudeste,2020-03-15,RJ,17264943.0,24,0
1369,Sudeste,2020-03-16,RJ,17264943.0,31,0
1370,Sudeste,2020-03-17,RJ,17264943.0,33,0
1371,Sudeste,2020-03-18,RJ,17264943.0,45,0
1372,Sudeste,2020-03-19,RJ,17264943.0,65,2
1373,Sudeste,2020-03-20,RJ,17264943.0,109,2
1374,Sudeste,2020-03-21,RJ,17264943.0,119,3
1375,Sudeste,2020-03-22,RJ,17264943.0,186,3
1376,Sudeste,2020-03-23,RJ,17264943.0,233,4
1377,Sudeste,2020-03-24,RJ,17264943.0,305,6
1378,Sudeste,2020-03-25,RJ,17264943.0,370,6
1379,Sudeste,2020-03-26,RJ,17264943.0,421,9
1380,Sudeste,2020-03-27,RJ,17264943.0,493,10
1381,Sudeste,2020-03-28,RJ,17264943.0,558,13
1382,Sudeste,2020-03-29,RJ,17264943.0,600,17
1383,Sudeste,2020-03-30,RJ,17264943.0,657,18
1384,Sudeste,2020-03-31,RJ,17264943.0,708,23
1385,Sudeste,2020-04-01,RJ,17264943.0,832,28
1386,Sudeste,2020-04-02,RJ,17264943.0,992,41
1387,Sudeste,2020-04-03,RJ,17264943.0,1074,47
1388,Sudeste,2020-04-04,RJ,17264943.0,1246,58
1389,Sudeste,2020-04-05,RJ,17264943.0,1394,64
1390,Sudeste,2020-04-06,RJ,17264943.0,1461,71
1391,Sudeste,2020-04-07,RJ,17264943.0,1688,89
1392,Sudeste,2020-04-08,RJ,17264943.0,1938,106
1393,Sudeste,2020-04-09,RJ,17264943.0,2216,122
1394,Sudeste,2020-04-10,RJ,17264943.0,2464,147
1395,Sudeste,2020-04-11,RJ,17264943.0,2607,155
1396,Sudeste,2020-04-12,RJ,17264943.0,2855,170
1397,Sudeste,2020-04-13,RJ,17264943.0,3231,188
1398,Sudeste,2020-04-14,RJ,17264943.0,3410,224
1399,Sudeste,2020-04-15,RJ,17264943.0,3743,265
1400,Sudeste,2020-04-16,RJ,17264943.0,3944,300
1401,Sudeste,2020-04-17,RJ,17264943.0,4349,341
1402,Sudeste,2020-04-18,RJ,17264943.0,4543,387
1403,Sudeste,2020-04-19,RJ,17264943.0,4765,402
1404,Sudeste,2020-04-20,RJ,17264943.0,4899,422
1405,Sudeste,2020-04-21,RJ,17264943.0,5306,461
1406,Sudeste,2020-04-22,RJ,17264943.0,5552,490
1407,Sudeste,2020-04-23,RJ,17264943.0,6172,530
1408,Sudeste,2020-04-24,RJ,17264943.0,6282,570
1409,Sudeste,2020-04-25,RJ,17264943.0,6828,615
1410,Sudeste,2020-04-26,RJ,17264943.0,7111,645
1411,Sudeste,2020-04-27,RJ,17264943.0,7944,677
1412,Sudeste,2020-04-28,RJ,17264943.0,8504,738
1413,Sudeste,2020-04-29,RJ,17264943.0,8869,794
1414,Sudeste,2020-04-30,RJ,17264943.0,9453,854
1415,Sudeste,2020-05-01,RJ,17264943.0,10166,921
1416,Sudeste,2020-05-02,RJ,17264943.0,10546,971
1417,Sudeste,2020-05-03,RJ,17264943.0,11139,1019
1418,Sudeste,2020-05-04,RJ,17264943.0,11721,1065
1419,Sudeste,2020-05-05,RJ,17264943.0,12391,1123
1420,Sudeste,2020-05-06,RJ,17264943.0,13295,1205
1421,Sudeste,2020-05-07,RJ,17264943.0,14156,1394
1422,Sudeste,2020-05-08,RJ,17264943.0,15741,1503
1423,Sudeste,2020-05-09,RJ,17264943.0,16929,1653
1424,Sudeste,2020-05-10,RJ,17264943.0,17062,1714
1425,Sudeste,2020-05-11,RJ,17264943.0,17939,1770
1426,Sudeste,2020-05-12,RJ,17264943.0,18486,1928
1427,Sudeste,2020-05-13,RJ,17264943.0,18728,2050
1428,Sudeste,2020-05-14,RJ,17264943.0,19467,2247
1429,Sudeste,2020-05-15,RJ,17264943.0,19987,2438
1430,Sudeste,2020-05-16,RJ,17264943.0,21601,2614
1431,Sudeste,2020-05-17,RJ,17264943.0,22238,2715
1432,Sudeste,2020-05-18,RJ,17264943.0,26665,2852
1433,Sudeste,2020-05-19,RJ,17264943.0,27805,3079
1434,Sudeste,2020-05-20,RJ,17264943.0,30372,3237
1435,Sudeste,2020-05-21,RJ,17264943.0,32089,3412
1436,Sudeste,2020-05-22,RJ,17264943.0,33589,3657
1437,Sudeste,2020-05-23,RJ,17264943.0,34533,3905
1438,Sudeste,2020-05-24,RJ,17264943.0,37912,3993
1439,Sudeste,2020-02-26,SP,45919049.0,1,0
1440,Sudeste,2020-02-27,SP,45919049.0,1,0
1441,Sudeste,2020-02-28,SP,45919049.0,1,0
1442,Sudeste,2020-02-29,SP,45919049.0,2,0
1443,Sudeste,2020-03-01,SP,45919049.0,2,0
1444,Sudeste,2020-03-02,SP,45919049.0,2,0
1445,Sudeste,2020-03-03,SP,45919049.0,2,0
1446,Sudeste,2020-03-04,SP,45919049.0,3,0
1447,Sudeste,2020-03-05,SP,45919049.0,6,0
1448,Sudeste,2020-03-06,SP,45919049.0,10,0
1449,Sudeste,2020-03-07,SP,45919049.0,13,0
1450,Sudeste,2020-03-08,SP,45919049.0,16,0
1451,Sudeste,2020-03-09,SP,45919049.0,16,0
1452,Sudeste,2020-03-10,SP,45919049.0,19,0
1453,Sudeste,2020-03-11,SP,45919049.0,30,0
1454,Sudeste,2020-03-12,SP,45919049.0,42,0
1455,Sudeste,2020-03-13,SP,45919049.0,56,0
1456,Sudeste,2020-03-14,SP,45919049.0,65,0
1457,Sudeste,2020-03-15,SP,45919049.0,136,0
1458,Sudeste,2020-03-16,SP,45919049.0,152,0
1459,Sudeste,2020-03-17,SP,45919049.0,164,1
1460,Sudeste,2020-03-18,SP,45919049.0,240,4
1461,Sudeste,2020-03-19,SP,45919049.0,286,4
1462,Sudeste,2020-03-20,SP,45919049.0,396,9
1463,Sudeste,2020-03-21,SP,45919049.0,459,15
1464,Sudeste,2020-03-22,SP,45919049.0,631,22
1465,Sudeste,2020-03-23,SP,45919049.0,745,30
1466,Sudeste,2020-03-24,SP,45919049.0,810,40
1467,Sudeste,2020-03-25,SP,45919049.0,862,48
1468,Sudeste,2020-03-26,SP,45919049.0,1052,58
1469,Sudeste,2020-03-27,SP,45919049.0,1223,68
1470,Sudeste,2020-03-28,SP,45919049.0,1406,84
1471,Sudeste,2020-03-29,SP,45919049.0,1451,98
1472,Sudeste,2020-03-30,SP,45919049.0,1517,113
1473,Sudeste,2020-03-31,SP,45919049.0,2339,136
1474,Sudeste,2020-04-01,SP,45919049.0,2981,164
1475,Sudeste,2020-04-02,SP,45919049.0,3506,188
1476,Sudeste,2020-04-03,SP,45919049.0,4048,219
1477,Sudeste,2020-04-04,SP,45919049.0,4466,260
1478,Sudeste,2020-04-05,SP,45919049.0,4620,275
1479,Sudeste,2020-04-06,SP,45919049.0,4866,304
1480,Sudeste,2020-04-07,SP,45919049.0,5682,371
1481,Sudeste,2020-04-08,SP,45919049.0,6708,428
1482,Sudeste,2020-04-09,SP,45919049.0,7480,496
1483,Sudeste,2020-04-10,SP,45919049.0,8216,540
1484,Sudeste,2020-04-11,SP,45919049.0,8419,560
1485,Sudeste,2020-04-12,SP,45919049.0,8755,588
1486,Sudeste,2020-04-13,SP,45919049.0,8895,608
1487,Sudeste,2020-04-14,SP,45919049.0,9371,695
1488,Sudeste,2020-04-15,SP,45919049.0,11043,778
1489,Sudeste,2020-04-16,SP,45919049.0,11568,853
1490,Sudeste,2020-04-17,SP,45919049.0,12841,928
1491,Sudeste,2020-04-18,SP,45919049.0,13894,991
1492,Sudeste,2020-04-19,SP,45919049.0,14267,1015
1493,Sudeste,2020-04-20,SP,45919049.0,14580,1037
1494,Sudeste,2020-04-21,SP,45919049.0,15385,1093
1495,Sudeste,2020-04-22,SP,45919049.0,15914,1134
1496,Sudeste,2020-04-23,SP,45919049.0,16740,1345
1497,Sudeste,2020-04-24,SP,45919049.0,17826,1512
1498,Sudeste,2020-04-25,SP,45919049.0,20004,1667
1499,Sudeste,2020-04-26,SP,45919049.0,20715,1700
1500,Sudeste,2020-04-27,SP,45919049.0,21696,1825
1501,Sudeste,2020-04-28,SP,45919049.0,24041,2049
1502,Sudeste,2020-04-29,SP,45919049.0,26158,2247
1503,Sudeste,2020-04-30,SP,45919049.0,28698,2375
1504,Sudeste,2020-05-01,SP,45919049.0,30374,2511
1505,Sudeste,2020-05-02,SP,45919049.0,31174,2586
1506,Sudeste,2020-05-03,SP,45919049.0,31772,2627
1507,Sudeste,2020-05-04,SP,45919049.0,32187,2654
1508,Sudeste,2020-05-05,SP,45919049.0,34053,2851
1509,Sudeste,2020-05-06,SP,45919049.0,37853,3045
1510,Sudeste,2020-05-07,SP,45919049.0,39928,3206
1511,Sudeste,2020-05-08,SP,45919049.0,41830,3416
1512,Sudeste,2020-05-09,SP,45919049.0,44411,3608
1513,Sudeste,2020-05-10,SP,45919049.0,45444,3709
1514,Sudeste,2020-05-11,SP,45919049.0,46131,3743
1515,Sudeste,2020-05-12,SP,45919049.0,47719,3949
1516,Sudeste,2020-05-13,SP,45919049.0,51097,4118
1517,Sudeste,2020-05-14,SP,45919049.0,54286,4315
1518,Sudeste,2020-05-15,SP,45919049.0,58378,4501
1519,Sudeste,2020-05-16,SP,45919049.0,61183,4688
1520,Sudeste,2020-05-17,SP,45919049.0,62345,4782
1521,Sudeste,2020-05-18,SP,45919049.0,63066,4823
1522,Sudeste,2020-05-19,SP,45919049.0,65995,5147
1523,Sudeste,2020-05-20,SP,45919049.0,69859,5363
1524,Sudeste,2020-05-21,SP,45919049.0,73739,5558
1525,Sudeste,2020-05-22,SP,45919049.0,76871,5773
1526,Sudeste,2020-05-23,SP,45919049.0,80558,6045
1527,Sudeste,2020-05-24,SP,45919049.0,82161,6163
1528,Sul,2020-03-12,PR,11433957.0,6,0
1529,Sul,2020-03-13,PR,11433957.0,6,0
1530,Sul,2020-03-14,PR,11433957.0,6,0
1531,Sul,2020-03-15,PR,11433957.0,6,0
1532,Sul,2020-03-16,PR,11433957.0,6,0
1533,Sul,2020-03-17,PR,11433957.0,6,0
1534,Sul,2020-03-18,PR,11433957.0,13,0
1535,Sul,2020-03-19,PR,11433957.0,23,0
1536,Sul,2020-03-20,PR,11433957.0,32,0
1537,Sul,2020-03-21,PR,11433957.0,43,0
1538,Sul,2020-03-22,PR,11433957.0,50,0
1539,Sul,2020-03-23,PR,11433957.0,56,0
1540,Sul,2020-03-24,PR,11433957.0,65,0
1541,Sul,2020-03-25,PR,11433957.0,81,0
1542,Sul,2020-03-26,PR,11433957.0,102,0
1543,Sul,2020-03-27,PR,11433957.0,119,2
1544,Sul,2020-03-28,PR,11433957.0,133,2
1545,Sul,2020-03-29,PR,11433957.0,148,2
1546,Sul,2020-03-30,PR,11433957.0,155,3
1547,Sul,2020-03-31,PR,11433957.0,179,3
1548,Sul,2020-04-01,PR,11433957.0,224,3
1549,Sul,2020-04-02,PR,11433957.0,252,4
1550,Sul,2020-04-03,PR,11433957.0,301,4
1551,Sul,2020-04-04,PR,11433957.0,395,6
1552,Sul,2020-04-05,PR,11433957.0,438,9
1553,Sul,2020-04-06,PR,11433957.0,458,11
1554,Sul,2020-04-07,PR,11433957.0,503,15
1555,Sul,2020-04-08,PR,11433957.0,539,17
1556,Sul,2020-04-09,PR,11433957.0,609,22
1557,Sul,2020-04-10,PR,11433957.0,643,25
1558,Sul,2020-04-11,PR,11433957.0,676,26
1559,Sul,2020-04-12,PR,11433957.0,738,30
1560,Sul,2020-04-13,PR,11433957.0,756,31
1561,Sul,2020-04-14,PR,11433957.0,791,36
1562,Sul,2020-04-15,PR,11433957.0,803,38
1563,Sul,2020-04-16,PR,11433957.0,832,41
1564,Sul,2020-04-17,PR,11433957.0,874,42
1565,Sul,2020-04-18,PR,11433957.0,945,46
1566,Sul,2020-04-19,PR,11433957.0,987,48
1567,Sul,2020-04-20,PR,11433957.0,1007,51
1568,Sul,2020-04-21,PR,11433957.0,1024,51
1569,Sul,2020-04-22,PR,11433957.0,1063,57
1570,Sul,2020-04-23,PR,11433957.0,1082,60
1571,Sul,2020-04-24,PR,11433957.0,1119,64
1572,Sul,2020-04-25,PR,11433957.0,1140,69
1573,Sul,2020-04-26,PR,11433957.0,1156,72
1574,Sul,2020-04-27,PR,11433957.0,1186,75
1575,Sul,2020-04-28,PR,11433957.0,1271,77
1576,Sul,2020-04-29,PR,11433957.0,1348,82
1577,Sul,2020-04-30,PR,11433957.0,1407,83
1578,Sul,2020-05-01,PR,11433957.0,1447,89
1579,Sul,2020-05-02,PR,11433957.0,1492,90
1580,Sul,2020-05-03,PR,11433957.0,1514,93
1581,Sul,2020-05-04,PR,11433957.0,1562,94
1582,Sul,2020-05-05,PR,11433957.0,1588,99
1583,Sul,2020-05-06,PR,11433957.0,1627,101
1584,Sul,2020-05-07,PR,11433957.0,1656,104
1585,Sul,2020-05-08,PR,11433957.0,1711,106
1586,Sul,2020-05-09,PR,11433957.0,1785,107
1587,Sul,2020-05-10,PR,11433957.0,1835,109
1588,Sul,2020-05-11,PR,11433957.0,1849,111
1589,Sul,2020-05-12,PR,11433957.0,1906,113
1590,Sul,2020-05-13,PR,11433957.0,1996,117
1591,Sul,2020-05-14,PR,11433957.0,2063,119
1592,Sul,2020-05-15,PR,11433957.0,2139,120
1593,Sul,2020-05-16,PR,11433957.0,2242,123
1594,Sul,2020-05-17,PR,11433957.0,2286,124
1595,Sul,2020-05-18,PR,11433957.0,2360,127
1596,Sul,2020-05-19,PR,11433957.0,2481,129
1597,Sul,2020-05-20,PR,11433957.0,2616,137
1598,Sul,2020-05-21,PR,11433957.0,2810,141
1599,Sul,2020-05-22,PR,11433957.0,2939,146
1600,Sul,2020-05-23,PR,11433957.0,3099,150
1601,Sul,2020-05-24,PR,11433957.0,3212,153
1602,Sul,2020-03-13,SC,7164788.0,2,0
1603,Sul,2020-03-14,SC,7164788.0,4,0
1604,Sul,2020-03-15,SC,7164788.0,6,0
1605,Sul,2020-03-16,SC,7164788.0,7,0
1606,Sul,2020-03-17,SC,7164788.0,7,0
1607,Sul,2020-03-18,SC,7164788.0,10,0
1608,Sul,2020-03-19,SC,7164788.0,20,0
1609,Sul,2020-03-20,SC,7164788.0,21,0
1610,Sul,2020-03-21,SC,7164788.0,51,0
1611,Sul,2020-03-22,SC,7164788.0,57,0
1612,Sul,2020-03-23,SC,7164788.0,68,0
1613,Sul,2020-03-24,SC,7164788.0,107,0
1614,Sul,2020-03-25,SC,7164788.0,109,0
1615,Sul,2020-03-26,SC,7164788.0,122,1
1616,Sul,2020-03-27,SC,7164788.0,149,1
1617,Sul,2020-03-28,SC,7164788.0,184,1
1618,Sul,2020-03-29,SC,7164788.0,194,1
1619,Sul,2020-03-30,SC,7164788.0,197,1
1620,Sul,2020-03-31,SC,7164788.0,219,2
1621,Sul,2020-04-01,SC,7164788.0,235,2
1622,Sul,2020-04-02,SC,7164788.0,247,2
1623,Sul,2020-04-03,SC,7164788.0,281,5
1624,Sul,2020-04-04,SC,7164788.0,334,5
1625,Sul,2020-04-05,SC,7164788.0,357,10
1626,Sul,2020-04-06,SC,7164788.0,379,10
1627,Sul,2020-04-07,SC,7164788.0,417,11
1628,Sul,2020-04-08,SC,7164788.0,457,15
1629,Sul,2020-04-09,SC,7164788.0,501,17
1630,Sul,2020-04-10,SC,7164788.0,693,18
1631,Sul,2020-04-11,SC,7164788.0,732,21
1632,Sul,2020-04-12,SC,7164788.0,768,24
1633,Sul,2020-04-13,SC,7164788.0,777,24
1634,Sul,2020-04-14,SC,7164788.0,826,26
1635,Sul,2020-04-15,SC,7164788.0,853,28
1636,Sul,2020-04-16,SC,7164788.0,884,29
1637,Sul,2020-04-17,SC,7164788.0,926,30
1638,Sul,2020-04-18,SC,7164788.0,962,31
1639,Sul,2020-04-19,SC,7164788.0,975,32
1640,Sul,2020-04-20,SC,7164788.0,1025,35
1641,Sul,2020-04-21,SC,7164788.0,1063,35
1642,Sul,2020-04-22,SC,7164788.0,1091,37
1643,Sul,2020-04-23,SC,7164788.0,1115,39
1644,Sul,2020-04-24,SC,7164788.0,1170,42
1645,Sul,2020-04-25,SC,7164788.0,1209,42
1646,Sul,2020-04-26,SC,7164788.0,1235,42
1647,Sul,2020-04-27,SC,7164788.0,1337,43
1648,Sul,2020-04-28,SC,7164788.0,1476,44
1649,Sul,2020-04-29,SC,7164788.0,1995,44
1650,Sul,2020-04-30,SC,7164788.0,2085,46
1651,Sul,2020-05-01,SC,7164788.0,2104,48
1652,Sul,2020-05-02,SC,7164788.0,2346,52
1653,Sul,2020-05-03,SC,7164788.0,2346,52
1654,Sul,2020-05-04,SC,7164788.0,2519,52
1655,Sul,2020-05-05,SC,7164788.0,2623,55
1656,Sul,2020-05-06,SC,7164788.0,2917,59
1657,Sul,2020-05-07,SC,7164788.0,3082,63
1658,Sul,2020-05-08,SC,7164788.0,3205,63
1659,Sul,2020-05-09,SC,7164788.0,3372,64
1660,Sul,2020-05-10,SC,7164788.0,3429,65
1661,Sul,2020-05-11,SC,7164788.0,3529,69
1662,Sul,2020-05-12,SC,7164788.0,3733,73
1663,Sul,2020-05-13,SC,7164788.0,3828,73
1664,Sul,2020-05-14,SC,7164788.0,4332,78
1665,Sul,2020-05-15,SC,7164788.0,4562,79
1666,Sul,2020-05-16,SC,7164788.0,4678,81
1667,Sul,2020-05-17,SC,7164788.0,4776,83
1668,Sul,2020-05-18,SC,7164788.0,5175,85
1669,Sul,2020-05-19,SC,7164788.0,5413,91
1670,Sul,2020-05-20,SC,7164788.0,5499,94
1671,Sul,2020-05-21,SC,7164788.0,5610,98
1672,Sul,2020-05-22,SC,7164788.0,6458,100
1673,Sul,2020-05-23,SC,7164788.0,6607,103
1674,Sul,2020-05-24,SC,7164788.0,6696,105
1675,Sul,2020-03-10,RS,11377239.0,1,0
1676,Sul,2020-03-11,RS,11377239.0,2,0
1677,Sul,2020-03-12,RS,11377239.0,4,0
1678,Sul,2020-03-13,RS,11377239.0,4,0
1679,Sul,2020-03-14,RS,11377239.0,6,0
1680,Sul,2020-03-15,RS,11377239.0,6,0
1681,Sul,2020-03-16,RS,11377239.0,6,0
1682,Sul,2020-03-17,RS,11377239.0,10,0
1683,Sul,2020-03-18,RS,11377239.0,19,0
1684,Sul,2020-03-19,RS,11377239.0,28,0
1685,Sul,2020-03-20,RS,11377239.0,37,0
1686,Sul,2020-03-21,RS,11377239.0,60,0
1687,Sul,2020-03-22,RS,11377239.0,72,0
1688,Sul,2020-03-23,RS,11377239.0,86,0
1689,Sul,2020-03-24,RS,11377239.0,98,0
1690,Sul,2020-03-25,RS,11377239.0,123,1
1691,Sul,2020-03-26,RS,11377239.0,168,1
1692,Sul,2020-03-27,RS,11377239.0,195,2
1693,Sul,2020-03-28,RS,11377239.0,197,2
1694,Sul,2020-03-29,RS,11377239.0,226,2
1695,Sul,2020-03-30,RS,11377239.0,241,3
1696,Sul,2020-03-31,RS,11377239.0,274,4
1697,Sul,2020-04-01,RS,11377239.0,306,4
1698,Sul,2020-04-02,RS,11377239.0,334,5
1699,Sul,2020-04-03,RS,11377239.0,396,5
1700,Sul,2020-04-04,RS,11377239.0,410,6
1701,Sul,2020-04-05,RS,11377239.0,418,7
1702,Sul,2020-04-06,RS,11377239.0,481,7
1703,Sul,2020-04-07,RS,11377239.0,508,8
1704,Sul,2020-04-08,RS,11377239.0,555,9
1705,Sul,2020-04-09,RS,11377239.0,618,12
1706,Sul,2020-04-10,RS,11377239.0,636,14
1707,Sul,2020-04-11,RS,11377239.0,640,15
1708,Sul,2020-04-12,RS,11377239.0,653,16
1709,Sul,2020-04-13,RS,11377239.0,664,16
1710,Sul,2020-04-14,RS,11377239.0,700,18
1711,Sul,2020-04-15,RS,11377239.0,747,19
1712,Sul,2020-04-16,RS,11377239.0,780,19
1713,Sul,2020-04-17,RS,11377239.0,802,22
1714,Sul,2020-04-18,RS,11377239.0,831,24
1715,Sul,2020-04-19,RS,11377239.0,854,24
1716,Sul,2020-04-20,RS,11377239.0,889,27
1717,Sul,2020-04-21,RS,11377239.0,904,27
1718,Sul,2020-04-22,RS,11377239.0,923,27
1719,Sul,2020-04-23,RS,11377239.0,994,29
1720,Sul,2020-04-24,RS,11377239.0,1061,31
1721,Sul,2020-04-25,RS,11377239.0,1096,34
1722,Sul,2020-04-26,RS,11377239.0,1166,35
1723,Sul,2020-04-27,RS,11377239.0,1228,42
1724,Sul,2020-04-28,RS,11377239.0,1286,45
1725,Sul,2020-04-29,RS,11377239.0,1368,50
1726,Sul,2020-04-30,RS,11377239.0,1466,51
1727,Sul,2020-05-01,RS,11377239.0,1529,58
1728,Sul,2020-05-02,RS,11377239.0,1619,62
1729,Sul,2020-05-03,RS,11377239.0,1666,65
1730,Sul,2020-05-04,RS,11377239.0,1711,74
1731,Sul,2020-05-05,RS,11377239.0,1815,79
1732,Sul,2020-05-06,RS,11377239.0,2050,87
1733,Sul,2020-05-07,RS,11377239.0,2129,90
1734,Sul,2020-05-08,RS,11377239.0,2447,91
1735,Sul,2020-05-09,RS,11377239.0,2493,95
1736,Sul,2020-05-10,RS,11377239.0,2542,97
1737,Sul,2020-05-11,RS,11377239.0,2576,105
1738,Sul,2020-05-12,RS,11377239.0,2917,111
1739,Sul,2020-05-13,RS,11377239.0,2917,111
1740,Sul,2020-05-14,RS,11377239.0,2997,120
1741,Sul,2020-05-15,RS,11377239.0,3597,126
1742,Sul,2020-05-16,RS,11377239.0,3695,132
1743,Sul,2020-05-17,RS,11377239.0,3735,142
1744,Sul,2020-05-18,RS,11377239.0,3735,144
1745,Sul,2020-05-19,RS,11377239.0,3750,151
1746,Sul,2020-05-20,RS,11377239.0,4973,161
1747,Sul,2020-05-21,RS,11377239.0,5473,166
1748,Sul,2020-05-22,RS,11377239.0,5918,172
1749,Sul,2020-05-23,RS,11377239.0,6336,176
1750,Sul,2020-05-24,RS,11377239.0,6470,180
1751,Centro-Oeste,2020-03-16,MS,2778986.0,2,0
1752,Centro-Oeste,2020-03-17,MS,2778986.0,4,0
1753,Centro-Oeste,2020-03-18,MS,2778986.0,7,0
1754,Centro-Oeste,2020-03-19,MS,2778986.0,7,0
1755,Centro-Oeste,2020-03-20,MS,2778986.0,9,0
1756,Centro-Oeste,2020-03-21,MS,2778986.0,16,0
1757,Centro-Oeste,2020-03-22,MS,2778986.0,21,0
1758,Centro-Oeste,2020-03-23,MS,2778986.0,21,0
1759,Centro-Oeste,2020-03-24,MS,2778986.0,23,0
1760,Centro-Oeste,2020-03-25,MS,2778986.0,24,0
1761,Centro-Oeste,2020-03-26,MS,2778986.0,25,0
1762,Centro-Oeste,2020-03-27,MS,2778986.0,28,0
1763,Centro-Oeste,2020-03-28,MS,2778986.0,31,0
1764,Centro-Oeste,2020-03-29,MS,2778986.0,36,0
1765,Centro-Oeste,2020-03-30,MS,2778986.0,44,0
1766,Centro-Oeste,2020-03-31,MS,2778986.0,48,1
1767,Centro-Oeste,2020-04-01,MS,2778986.0,51,1
1768,Centro-Oeste,2020-04-02,MS,2778986.0,53,1
1769,Centro-Oeste,2020-04-03,MS,2778986.0,60,1
1770,Centro-Oeste,2020-04-04,MS,2778986.0,62,1
1771,Centro-Oeste,2020-04-05,MS,2778986.0,65,1
1772,Centro-Oeste,2020-04-06,MS,2778986.0,66,1
1773,Centro-Oeste,2020-04-07,MS,2778986.0,80,2
1774,Centro-Oeste,2020-04-08,MS,2778986.0,85,2
1775,Centro-Oeste,2020-04-09,MS,2778986.0,89,2
1776,Centro-Oeste,2020-04-10,MS,2778986.0,97,2
1777,Centro-Oeste,2020-04-11,MS,2778986.0,100,2
1778,Centro-Oeste,2020-04-12,MS,2778986.0,101,2
1779,Centro-Oeste,2020-04-13,MS,2778986.0,113,4
1780,Centro-Oeste,2020-04-14,MS,2778986.0,115,4
1781,Centro-Oeste,2020-04-15,MS,2778986.0,121,4
1782,Centro-Oeste,2020-04-16,MS,2778986.0,131,5
1783,Centro-Oeste,2020-04-17,MS,2778986.0,143,5
1784,Centro-Oeste,2020-04-18,MS,2778986.0,161,5
1785,Centro-Oeste,2020-04-19,MS,2778986.0,168,5
1786,Centro-Oeste,2020-04-20,MS,2778986.0,171,5
1787,Centro-Oeste,2020-04-21,MS,2778986.0,173,6
1788,Centro-Oeste,2020-04-22,MS,2778986.0,175,6
1789,Centro-Oeste,2020-04-23,MS,2778986.0,186,7
1790,Centro-Oeste,2020-04-24,MS,2778986.0,213,7
1791,Centro-Oeste,2020-04-25,MS,2778986.0,217,7
1792,Centro-Oeste,2020-04-26,MS,2778986.0,234,7
1793,Centro-Oeste,2020-04-27,MS,2778986.0,238,9
1794,Centro-Oeste,2020-04-28,MS,2778986.0,240,9
1795,Centro-Oeste,2020-04-29,MS,2778986.0,249,9
1796,Centro-Oeste,2020-04-30,MS,2778986.0,255,9
1797,Centro-Oeste,2020-05-01,MS,2778986.0,261,9
1798,Centro-Oeste,2020-05-02,MS,2778986.0,266,9
1799,Centro-Oeste,2020-05-03,MS,2778986.0,272,10
1800,Centro-Oeste,2020-05-04,MS,2778986.0,274,10
1801,Centro-Oeste,2020-05-05,MS,2778986.0,283,10
1802,Centro-Oeste,2020-05-06,MS,2778986.0,288,10
1803,Centro-Oeste,2020-05-07,MS,2778986.0,311,10
1804,Centro-Oeste,2020-05-08,MS,2778986.0,326,11
1805,Centro-Oeste,2020-05-09,MS,2778986.0,346,11
1806,Centro-Oeste,2020-05-10,MS,2778986.0,362,11
1807,Centro-Oeste,2020-05-11,MS,2778986.0,385,11
1808,Centro-Oeste,2020-05-12,MS,2778986.0,405,12
1809,Centro-Oeste,2020-05-13,MS,2778986.0,430,13
1810,Centro-Oeste,2020-05-14,MS,2778986.0,452,14
1811,Centro-Oeste,2020-05-15,MS,2778986.0,479,14
1812,Centro-Oeste,2020-05-16,MS,2778986.0,508,15
1813,Centro-Oeste,2020-05-17,MS,2778986.0,570,15
1814,Centro-Oeste,2020-05-18,MS,2778986.0,613,16
1815,Centro-Oeste,2020-05-19,MS,2778986.0,642,16
1816,Centro-Oeste,2020-05-20,MS,2778986.0,693,17
1817,Centro-Oeste,2020-05-21,MS,2778986.0,746,17
1818,Centro-Oeste,2020-05-22,MS,2778986.0,805,17
1819,Centro-Oeste,2020-05-23,MS,2778986.0,858,17
1820,Centro-Oeste,2020-05-24,MS,2778986.0,924,17
1821,Centro-Oeste,2020-03-20,MT,3484466.0,1,0
1822,Centro-Oeste,2020-03-21,MT,3484466.0,2,0
1823,Centro-Oeste,2020-03-22,MT,3484466.0,2,0
1824,Centro-Oeste,2020-03-23,MT,3484466.0,2,0
1825,Centro-Oeste,2020-03-24,MT,3484466.0,7,0
1826,Centro-Oeste,2020-03-25,MT,3484466.0,8,0
1827,Centro-Oeste,2020-03-26,MT,3484466.0,11,0
1828,Centro-Oeste,2020-03-27,MT,3484466.0,11,0
1829,Centro-Oeste,2020-03-28,MT,3484466.0,13,0
1830,Centro-Oeste,2020-03-29,MT,3484466.0,16,0
1831,Centro-Oeste,2020-03-30,MT,3484466.0,18,0
1832,Centro-Oeste,2020-03-31,MT,3484466.0,25,0
1833,Centro-Oeste,2020-04-01,MT,3484466.0,27,0
1834,Centro-Oeste,2020-04-02,MT,3484466.0,36,0
1835,Centro-Oeste,2020-04-03,MT,3484466.0,44,1
1836,Centro-Oeste,2020-04-04,MT,3484466.0,56,1
1837,Centro-Oeste,2020-04-05,MT,3484466.0,60,1
1838,Centro-Oeste,2020-04-06,MT,3484466.0,76,1
1839,Centro-Oeste,2020-04-07,MT,3484466.0,78,1
1840,Centro-Oeste,2020-04-08,MT,3484466.0,90,1
1841,Centro-Oeste,2020-04-09,MT,3484466.0,108,2
1842,Centro-Oeste,2020-04-10,MT,3484466.0,112,2
1843,Centro-Oeste,2020-04-11,MT,3484466.0,121,3
1844,Centro-Oeste,2020-04-12,MT,3484466.0,123,3
1845,Centro-Oeste,2020-04-13,MT,3484466.0,134,4
1846,Centro-Oeste,2020-04-14,MT,3484466.0,138,4
1847,Centro-Oeste,2020-04-15,MT,3484466.0,151,4
1848,Centro-Oeste,2020-04-16,MT,3484466.0,156,5
1849,Centro-Oeste,2020-04-17,MT,3484466.0,162,5
1850,Centro-Oeste,2020-04-18,MT,3484466.0,171,5
1851,Centro-Oeste,2020-04-19,MT,3484466.0,174,5
1852,Centro-Oeste,2020-04-20,MT,3484466.0,181,6
1853,Centro-Oeste,2020-04-21,MT,3484466.0,181,6
1854,Centro-Oeste,2020-04-22,MT,3484466.0,183,6
1855,Centro-Oeste,2020-04-23,MT,3484466.0,221,7
1856,Centro-Oeste,2020-04-24,MT,3484466.0,240,8
1857,Centro-Oeste,2020-04-25,MT,3484466.0,247,9
1858,Centro-Oeste,2020-04-26,MT,3484466.0,250,9
1859,Centro-Oeste,2020-04-27,MT,3484466.0,257,10
1860,Centro-Oeste,2020-04-28,MT,3484466.0,261,11
1861,Centro-Oeste,2020-04-29,MT,3484466.0,292,11
1862,Centro-Oeste,2020-04-30,MT,3484466.0,297,11
1863,Centro-Oeste,2020-05-01,MT,3484466.0,320,11
1864,Centro-Oeste,2020-05-02,MT,3484466.0,331,12
1865,Centro-Oeste,2020-05-03,MT,3484466.0,337,12
1866,Centro-Oeste,2020-05-04,MT,3484466.0,344,13
1867,Centro-Oeste,2020-05-05,MT,3484466.0,365,13
1868,Centro-Oeste,2020-05-06,MT,3484466.0,379,13
1869,Centro-Oeste,2020-05-07,MT,3484466.0,417,13
1870,Centro-Oeste,2020-05-08,MT,3484466.0,457,14
1871,Centro-Oeste,2020-05-09,MT,3484466.0,502,16
1872,Centro-Oeste,2020-05-10,MT,3484466.0,519,18
1873,Centro-Oeste,2020-05-11,MT,3484466.0,541,19
1874,Centro-Oeste,2020-05-12,MT,3484466.0,591,19
1875,Centro-Oeste,2020-05-13,MT,3484466.0,661,20
1876,Centro-Oeste,2020-05-14,MT,3484466.0,719,23
1877,Centro-Oeste,2020-05-15,MT,3484466.0,779,26
1878,Centro-Oeste,2020-05-16,MT,3484466.0,851,27
1879,Centro-Oeste,2020-05-17,MT,3484466.0,901,27
1880,Centro-Oeste,2020-05-18,MT,3484466.0,937,29
1881,Centro-Oeste,2020-05-19,MT,3484466.0,995,32
1882,Centro-Oeste,2020-05-20,MT,3484466.0,1054,32
1883,Centro-Oeste,2020-05-21,MT,3484466.0,1172,34
1884,Centro-Oeste,2020-05-22,MT,3484466.0,1220,37
1885,Centro-Oeste,2020-05-23,MT,3484466.0,1352,37
1886,Centro-Oeste,2020-05-24,MT,3484466.0,1462,40
1887,Centro-Oeste,2020-03-13,GO,7018354.0,3,0
1888,Centro-Oeste,2020-03-14,GO,7018354.0,3,0
1889,Centro-Oeste,2020-03-15,GO,7018354.0,3,0
1890,Centro-Oeste,2020-03-16,GO,7018354.0,3,0
1891,Centro-Oeste,2020-03-17,GO,7018354.0,6,0
1892,Centro-Oeste,2020-03-18,GO,7018354.0,8,0
1893,Centro-Oeste,2020-03-19,GO,7018354.0,12,0
1894,Centro-Oeste,2020-03-20,GO,7018354.0,15,0
1895,Centro-Oeste,2020-03-21,GO,7018354.0,20,0
1896,Centro-Oeste,2020-03-22,GO,7018354.0,21,0
1897,Centro-Oeste,2020-03-23,GO,7018354.0,23,0
1898,Centro-Oeste,2020-03-24,GO,7018354.0,27,0
1899,Centro-Oeste,2020-03-25,GO,7018354.0,29,0
1900,Centro-Oeste,2020-03-26,GO,7018354.0,39,1
1901,Centro-Oeste,2020-03-27,GO,7018354.0,49,1
1902,Centro-Oeste,2020-03-28,GO,7018354.0,56,1
1903,Centro-Oeste,2020-03-29,GO,7018354.0,58,1
1904,Centro-Oeste,2020-03-30,GO,7018354.0,61,1
1905,Centro-Oeste,2020-03-31,GO,7018354.0,65,1
1906,Centro-Oeste,2020-04-01,GO,7018354.0,71,1
1907,Centro-Oeste,2020-04-02,GO,7018354.0,73,1
1908,Centro-Oeste,2020-04-03,GO,7018354.0,88,2
1909,Centro-Oeste,2020-04-04,GO,7018354.0,103,2
1910,Centro-Oeste,2020-04-05,GO,7018354.0,115,3
1911,Centro-Oeste,2020-04-06,GO,7018354.0,119,5
1912,Centro-Oeste,2020-04-07,GO,7018354.0,133,5
1913,Centro-Oeste,2020-04-08,GO,7018354.0,158,7
1914,Centro-Oeste,2020-04-09,GO,7018354.0,179,7
1915,Centro-Oeste,2020-04-10,GO,7018354.0,191,8
1916,Centro-Oeste,2020-04-11,GO,7018354.0,209,10
1917,Centro-Oeste,2020-04-12,GO,7018354.0,229,14
1918,Centro-Oeste,2020-04-13,GO,7018354.0,233,15
1919,Centro-Oeste,2020-04-14,GO,7018354.0,284,15
1920,Centro-Oeste,2020-04-15,GO,7018354.0,304,15
1921,Centro-Oeste,2020-04-16,GO,7018354.0,318,16
1922,Centro-Oeste,2020-04-17,GO,7018354.0,335,16
1923,Centro-Oeste,2020-04-18,GO,7018354.0,378,18
1924,Centro-Oeste,2020-04-19,GO,7018354.0,393,18
1925,Centro-Oeste,2020-04-20,GO,7018354.0,403,19
1926,Centro-Oeste,2020-04-21,GO,7018354.0,421,19
1927,Centro-Oeste,2020-04-22,GO,7018354.0,438,21
1928,Centro-Oeste,2020-04-23,GO,7018354.0,453,23
1929,Centro-Oeste,2020-04-24,GO,7018354.0,486,24
1930,Centro-Oeste,2020-04-25,GO,7018354.0,506,25
1931,Centro-Oeste,2020-04-26,GO,7018354.0,573,25
1932,Centro-Oeste,2020-04-27,GO,7018354.0,616,26
1933,Centro-Oeste,2020-04-28,GO,7018354.0,661,27
1934,Centro-Oeste,2020-04-29,GO,7018354.0,705,27
1935,Centro-Oeste,2020-04-30,GO,7018354.0,781,29
1936,Centro-Oeste,2020-05-01,GO,7018354.0,808,29
1937,Centro-Oeste,2020-05-02,GO,7018354.0,825,30
1938,Centro-Oeste,2020-05-03,GO,7018354.0,850,30
1939,Centro-Oeste,2020-05-04,GO,7018354.0,861,30
1940,Centro-Oeste,2020-05-05,GO,7018354.0,922,38
1941,Centro-Oeste,2020-05-06,GO,7018354.0,1024,44
1942,Centro-Oeste,2020-05-07,GO,7018354.0,1027,44
1943,Centro-Oeste,2020-05-08,GO,7018354.0,1053,49
1944,Centro-Oeste,2020-05-09,GO,7018354.0,1069,47
1945,Centro-Oeste,2020-05-10,GO,7018354.0,1093,47
1946,Centro-Oeste,2020-05-11,GO,7018354.0,1100,49
1947,Centro-Oeste,2020-05-12,GO,7018354.0,1115,52
1948,Centro-Oeste,2020-05-13,GO,7018354.0,1134,61
1949,Centro-Oeste,2020-05-14,GO,7018354.0,1423,64
1950,Centro-Oeste,2020-05-15,GO,7018354.0,1572,67
1951,Centro-Oeste,2020-05-16,GO,7018354.0,1640,69
1952,Centro-Oeste,2020-05-17,GO,7018354.0,1692,70
1953,Centro-Oeste,2020-05-18,GO,7018354.0,1749,73
1954,Centro-Oeste,2020-05-19,GO,7018354.0,1846,73
1955,Centro-Oeste,2020-05-20,GO,7018354.0,1978,78
1956,Centro-Oeste,2020-05-21,GO,7018354.0,2114,85
1957,Centro-Oeste,2020-05-22,GO,7018354.0,2304,93
1958,Centro-Oeste,2020-05-23,GO,7018354.0,2377,95
1959,Centro-Oeste,2020-05-24,GO,7018354.0,2443,95
1960,Centro-Oeste,2020-03-07,DF,3015268.0,1,0
1961,Centro-Oeste,2020-03-08,DF,3015268.0,1,0
1962,Centro-Oeste,2020-03-09,DF,3015268.0,1,0
1963,Centro-Oeste,2020-03-10,DF,3015268.0,1,0
1964,Centro-Oeste,2020-03-11,DF,3015268.0,2,0
1965,Centro-Oeste,2020-03-12,DF,3015268.0,2,0
1966,Centro-Oeste,2020-03-13,DF,3015268.0,2,0
1967,Centro-Oeste,2020-03-14,DF,3015268.0,6,0
1968,Centro-Oeste,2020-03-15,DF,3015268.0,8,0
1969,Centro-Oeste,2020-03-16,DF,3015268.0,13,0
1970,Centro-Oeste,2020-03-17,DF,3015268.0,22,0
1971,Centro-Oeste,2020-03-18,DF,3015268.0,26,0
1972,Centro-Oeste,2020-03-19,DF,3015268.0,42,0
1973,Centro-Oeste,2020-03-20,DF,3015268.0,87,0
1974,Centro-Oeste,2020-03-21,DF,3015268.0,100,0
1975,Centro-Oeste,2020-03-22,DF,3015268.0,117,0
1976,Centro-Oeste,2020-03-23,DF,3015268.0,133,0
1977,Centro-Oeste,2020-03-24,DF,3015268.0,160,0
1978,Centro-Oeste,2020-03-25,DF,3015268.0,160,0
1979,Centro-Oeste,2020-03-26,DF,3015268.0,200,0
1980,Centro-Oeste,2020-03-27,DF,3015268.0,230,0
1981,Centro-Oeste,2020-03-28,DF,3015268.0,260,0
1982,Centro-Oeste,2020-03-29,DF,3015268.0,289,1
1983,Centro-Oeste,2020-03-30,DF,3015268.0,312,1
1984,Centro-Oeste,2020-03-31,DF,3015268.0,332,3
1985,Centro-Oeste,2020-04-01,DF,3015268.0,355,3
1986,Centro-Oeste,2020-04-02,DF,3015268.0,370,4
1987,Centro-Oeste,2020-04-03,DF,3015268.0,402,5
1988,Centro-Oeste,2020-04-04,DF,3015268.0,454,7
1989,Centro-Oeste,2020-04-05,DF,3015268.0,468,7
1990,Centro-Oeste,2020-04-06,DF,3015268.0,473,10
1991,Centro-Oeste,2020-04-07,DF,3015268.0,492,12
1992,Centro-Oeste,2020-04-08,DF,3015268.0,509,12
1993,Centro-Oeste,2020-04-09,DF,3015268.0,527,13
1994,Centro-Oeste,2020-04-10,DF,3015268.0,555,14
1995,Centro-Oeste,2020-04-11,DF,3015268.0,579,14
1996,Centro-Oeste,2020-04-12,DF,3015268.0,614,14
1997,Centro-Oeste,2020-04-13,DF,3015268.0,638,15
1998,Centro-Oeste,2020-04-14,DF,3015268.0,651,17
1999,Centro-Oeste,2020-04-15,DF,3015268.0,682,17
2000,Centro-Oeste,2020-04-16,DF,3015268.0,716,20
2001,Centro-Oeste,2020-04-17,DF,3015268.0,746,20
2002,Centro-Oeste,2020-04-18,DF,3015268.0,762,24
2003,Centro-Oeste,2020-04-19,DF,3015268.0,827,24
2004,Centro-Oeste,2020-04-20,DF,3015268.0,872,24
2005,Centro-Oeste,2020-04-21,DF,3015268.0,881,24
2006,Centro-Oeste,2020-04-22,DF,3015268.0,946,25
2007,Centro-Oeste,2020-04-23,DF,3015268.0,963,25
2008,Centro-Oeste,2020-04-24,DF,3015268.0,989,26
2009,Centro-Oeste,2020-04-25,DF,3015268.0,1013,26
2010,Centro-Oeste,2020-04-26,DF,3015268.0,1066,27
2011,Centro-Oeste,2020-04-27,DF,3015268.0,1146,27
2012,Centro-Oeste,2020-04-28,DF,3015268.0,1213,28
2013,Centro-Oeste,2020-04-29,DF,3015268.0,1275,28
2014,Centro-Oeste,2020-04-30,DF,3015268.0,1356,30
2015,Centro-Oeste,2020-05-01,DF,3015268.0,1466,30
2016,Centro-Oeste,2020-05-02,DF,3015268.0,1566,31
2017,Centro-Oeste,2020-05-03,DF,3015268.0,1649,33
2018,Centro-Oeste,2020-05-04,DF,3015268.0,1768,33
2019,Centro-Oeste,2020-05-05,DF,3015268.0,1818,33
2020,Centro-Oeste,2020-05-06,DF,3015268.0,1906,34
2021,Centro-Oeste,2020-05-07,DF,3015268.0,2258,35
2022,Centro-Oeste,2020-05-08,DF,3015268.0,2442,37
2023,Centro-Oeste,2020-05-09,DF,3015268.0,2576,39
2024,Centro-Oeste,2020-05-10,DF,3015268.0,2682,42
2025,Centro-Oeste,2020-05-11,DF,3015268.0,2783,44
2026,Centro-Oeste,2020-05-12,DF,3015268.0,2979,46
2027,Centro-Oeste,2020-05-13,DF,3015268.0,3192,48
2028,Centro-Oeste,2020-05-14,DF,3015268.0,3416,51
2029,Centro-Oeste,2020-05-15,DF,3015268.0,3787,55
2030,Centro-Oeste,2020-05-16,DF,3015268.0,4140,56
2031,Centro-Oeste,2020-05-17,DF,3015268.0,4368,59
2032,Centro-Oeste,2020-05-18,DF,3015268.0,4619,66
2033,Centro-Oeste,2020-05-19,DF,3015268.0,4853,72
2034,Centro-Oeste,2020-05-20,DF,3015268.0,5161,77
2035,Centro-Oeste,2020-05-21,DF,3015268.0,5542,84
2036,Centro-Oeste,2020-05-22,DF,3015268.0,5948,90
2037,Centro-Oeste,2020-05-23,DF,3015268.0,6251,95
2038,Centro-Oeste,2020-05-24,DF,3015268.0,6638,104
